CLASSIFICAÇÃO DA NATUREZA DA DESPESA CONFORME ALTERAÇÃO PORTARIA Nº 163/2001*;;;;
Atualizada para aplicação a partir do exercício de 2025, inclusive no que se refere à elaboração do respectivo projeto de Lei Orçamentária.  ;;;;
Aprovado pela Portaria TCE-TO n°880/2024 B.O 3601;;;;
CONTA;DESCRIÇÃO;TIPO;;
3.0.00.00.00.00.00.0000;DESPESAS CORRENTES;Sintética;;
3.1.00.00.00.00.00.0000;PESSOAL E ENCARGOS SOCIAIS;Sintética;;
3.1.20.00.00.00.00.0000;TRANSFERÊNCIAS À UNIÃO;Sintética;;
3.1.22.00.00.00.00.0000;EXECUÇÃO ORÇAMENTÁRIA DELEGADA À UNIÃO ;Sintética;;
3.1.30.00.00.00.00.0000;TRANSFERÊNCIAS A ESTADOS E AO DISTRITO FEDERAL;Sintética;;
3.1.30.41.00.00.00.0000;CONTRIBUIÇÕES;Analítica;;
3.1.30.99.00.00.00.0000;OUTRAS DESPESAS COM TRANSFERENCIAS A ESTADOS E AO DISTRITO FEDERAL;Analítica;;
3.1.31.00.00.00.00.0000;TRANSFERÊNCIAS A ESTADOS E AO DISTRITO FEDERAL - FUNDO A FUNDO  ;Sintética;;
3.1.32.00.00.00.00.0000;EXECUÇÃO ORÇAMENTÁRIA DELEGADA A ESTADOS E AO DISTRITO FEDERAL ;Sintética;;
3.1.35.00.00.00.00.0000;TRANSFERÊNCIAS FUNDO A FUNDO AOS ESTADOS E AO DISTRITO FEDERAL À CONTA DE RECURSOS DE QUE TRATAM OS §§ 1º E 2º DO ART. 24 DA LEI COMPLEMENTAR Nº 141, DE 2012  - RESTOS A PAGAR CANCELADOS;Sintética;;
3.1.36.00.00.00.00.0000;TRANSFERÊNCIAS FUNDO A FUNDO AOS ESTADOS E AO DISTRITO FEDERAL À CONTA DE RECURSOS DE QUE TRATA O ART. 25 DA LEI COMPLEMENTAR Nº 141, DE 2012  - DIFERENÇA DO MÍNIMO NÃO APLICADO EM EXERCÍCIOS ANTERIORES;Sintética;;
3.1.40.00.00.00.00.0000;TRANSFERÊNCIAS A MUNICÍPIOS;Sintética;;
3.1.41.00.00.00.00.0000;TRANSFERÊNCIAS A MUNICÍPIOS - FUNDO A FUNDO  ;Sintética;;
3.1.42.00.00.00.00.0000;EXECUÇÃO ORÇAMENTÁRIA DELEGADA A MUNICÍPIOS ;Sintética;;
3.1.45.00.00.00.00.0000;TRANSFERÊNCIAS FUNDO A FUNDO AOS MUNICÍPIOS À CONTA DE RECURSOS DE QUE TRATAM OS §§ 1º E 2º DO ART. 24 DA LEI COMPLEMENTAR Nº 141, DE 2012 -RESTOS A PAGAR CANCELADOS;Sintética;;
3.1.46.00.00.00.00.0000;TRANSFERÊNCIAS FUNDO A FUNDO AOS MUNICÍPIOS À CONTA DE RECURSOS DE QUE TRATA O ART. 25 DA LEI COMPLEMENTAR Nº 141, DE 2012  - DIFERENÇA DO MÍNIMO NÃO APLICADO EM EXERCÍCIOS ANTERIORES;Sintética;;
3.1.50.00.00.00.00.0000;TRANSFERÊNCIAS A INSTITUIÇÕES PRIVADAS SEM FINS LUCRATIVOS;Sintética;;
3.1.60.00.00.00.00.0000;TRANSFERÊNCIAS A INSTITUIÇÕES PRIVADAS COM FINS LUCRATIVOS ;Sintética;;
3.1.67.00.00.00.00.0000;EXECUÇÃO DE CONTRATO DE PARCERIA PÚBLICO-PRIVADA - PPP ;Sintética;;
3.1.70.00.00.00.0000;TRANSFERENCIA A INSTITUICOES MULTIGOVERNAMENTAIS;Sintética;;
3.1.70.41.00.00.0000;CONTRIBUIÇÕES;Analítica;;
3.1.70.99.00.00.0000;OUTRAS TRANSFERENCIA A INSTITUICOES MULTIGOVERNAMENTAIS;Analítica;;
3.1.71.00.00.00.00.0000;TRANSFERÊNCIAS A CONSÓRCIOS PÚBLICOS MEDIANTE CONTRATO DE RATEIO;Sintética;;
3.1.71.70.00.00.00.0000;RATEIO PELA PARTICIPAÇÃO EM CONSÓRCIO PÚBLICO;Sintética;;
3.1.71.70.99.00.00.0000;RATEIO PELA PARTICIPAÇÃO EM CONSÓRCIO PÚBLICO;Analítica;;
3.1.72.00.00.00.00.0000;EXECUÇÃO ORÇAMENTÁRIA DELEGADA A CONSÓRCIOS PÚBLICOS ;Sintética;;
3.1.73.00.00.00.00.0000;TRANSFERÊNCIAS A CONSÓRCIOS PÚBLICOS MEDIANTE CONTRATO DE RATEIO À CONTA DE RECURSOS DE QUE TRATAM OS §§ 1º E 2º DO ART. 24 DA LEI COMPLEMENTAR Nº 141, DE 2012.;Sintética;;
3.1.73.70.00.00.00.0000;RATEIO PELA PARTICIPAÇÃO EM CONSÓRCIO PÚBLICO;Sintética;;
3.1.73.70.99.00.00.0000;RATEIO PELA PARTICIPAÇÃO EM CONSÓRCIO PÚBLICO;Analítica;;
3.1.74.00.00.00.00.0000;TRANSFERÊNCIAS A CONSÓRCIOS PÚBLICOS MEDIANTE CONTRATO DE RATEIO À CONTA DE RECURSOS DE QUE TRATA O ART. 25 DA LEI COMPLEMENTAR Nº 141, DE 2012.;Sintética;;
3.1.74.70.00.00.00.0000;RATEIO PELA PARTICIPAÇÃO EM CONSÓRCIO PÚBLICO;Sintética;;
3.1.74.70.99.00.00.0000;RATEIO PELA PARTICIPAÇÃO EM CONSÓRCIO PÚBLICO;Analítica;;
3.1.75.00.00.00.00.0000;TRANSFERÊNCIAS A INSTITUIÇÕES MULTIGOVERNAMENTAIS À CONTA DE RECURSOS DE QUE TRATAM OS §§ 1º E 2º DO ART. 24 DA LEI COMPLEMENTAR Nº 141, DE 2012 - RESTOS A PAGAR CANCELADOS;Sintética;;
3.1.76.00.00.00.00.0000;TRANSFERÊNCIAS A INSTITUIÇÕES MULTIGOVERNAMENTAIS À CONTA DE RECURSOS DE QUE TRATA O ART. 25 DA LEI COMPLEMENTAR Nº 141, DE 2012  - DIFERENÇA DO MÍNIMO NÃO APLICADO EM EXERCÍCIOS ANTERIORES;Sintética;;
3.1.80.00.00.00.00.0000;TRANSFERÊNCIAS AO EXTERIOR ;Sintética;;
3.1.80.04.00.00.00.0000;CONTRATAÇÃO POR TEMPO DETERMINADO;Analítica;;
3.1.80.99.00.00.00.0000;OUTRAS TRANSFERÊNCIAS AO EXTERIOR ;Analítica;;
3.1.90.00.00.00.00.0000;APLICAÇÕES DIRETAS;Sintética;;
3.1.90.01.00.00.00.0000;APOSENTADORIAS DO RPPS, RESERVA REMUNERADA E REFORMAS DOS MILITARES ;Sintética;;
3.1.90.01.01.00.00.0000;PROVENTOS - PESSOAL CIVIL;Analítica;;
3.1.90.01.06.00.00.0000;13º SALÁRIO - PESSOAL CIVIL;Analítica;;
3.1.90.01.18.00.00.0000;LICENCA PREMIO PARA INATIVO CIVIL;Analítica;;
3.1.90.01.21.00.00.0000;PROVENTOS - PESSOAL MILITAR;Analítica;;
3.1.90.01.23.00.00.0000;AUXILIO-INVALIDEZ - PESSOAL MILITAR;Analítica;;
3.1.90.01.26.00.00.0000;13 SALARIO - PESSOAL MILITAR;Analítica;;
3.1.90.01.51.00.00.0000;ADICIONAIS, VANTAGENS,GRATIFICAÇÕES E OUTROS COMPLEMENTOS DE PROVENTOS - PESSOAL CIVIL;Analítica;;
3.1.90.01.52.00.00.0000;ADICIONAIS, VANTAGENS,GRATIFICAÇÕES E OUTROS COMPLEMENTOS DE PROVENTOS - PESSOAL MILITAR;Analítica;;
3.1.90.01.89.00.00.0000;OUTROS PROVENTOS - PESSOAL MILITAR;Analítica;;
3.1.90.01.99.00.00.0000;OUTROS PROVENTOS - PESSOAL CIVIL;Analítica;;
3.1.90.03.00.00.00.0000;PENSÕES DO RPPS E DO MILITAR;Sintética;;
3.1.90.03.01.00.00.0000;CIVIS;Analítica;;
3.1.90.03.03.00.00.0000;13º SALÁRIO - PESSOAL CIVIL - PENSIONISTAS;Analítica;;
3.1.90.03.99.00.00.0000;OUTRAS PENSÕES;Analítica;;
3.1.90.04.00.00.00.0000;CONTRATAÇÃO POR TEMPO DETERMINADO;Sintética;;
3.1.90.04.01.00.00.0000;SALÁRIO - CONTRATO TEMPORÁRIO;Sintética;;
3.1.90.04.01.02.00.0000;CONTRATAÇÃO POR TEMPO DETERMINADO DE PROFESSORES;Analítica;;
3.1.90.04.01.03.00.0000;CONTRATAÇÃO POR TEMPO DETERMINADO DE PROFISSIONAIS DA SAÚDE;Analítica;;
3.1.90.04.01.99.00.0000;SALÁRIO DE OUTRAS CONTRATAÇÕES TEMPORÁRIAS;Analítica;;
3.1.90.04.10.00.00.0000;SERVIÇOS EXTRAORDINÁRIOS - CONTRATO TEMPORÁRIO;Sintética;;
3.1.90.04.10.01.00.0000;SERVIÇOS EXTRAORDINÁRIOS DE PROFESSORES CONTRATADOS;Analítica;;
3.1.90.04.10.02.00.0000;SERVIÇOS EXTRAORDINÁRIOS DE PROFISSIONAIS DA SAÚDE CONTRATADOS;Analítica;;
3.1.90.04.10.99.00.0000;SERVIÇOS EXTRAORDINÁRIOS DE OUTROS CONTRATADOS;Analítica;;
3.1.90.04.13.00.00.0000;13º SALÁRIO - CONTRATO TEMPORÁRIO;Sintética;;
3.1.90.04.13.02.00.0000;13º SALÁRIO DE PROFESSORES CONTRATADOS;Analítica;;
3.1.90.04.13.03.00.0000;13º SALÁRIO DE PROFISSIONAIS DA SAÚDE CONTRATADOS;Analítica;;
3.1.90.04.13.99.00.0000;13º SALÁRIO DE OUTROS CONTRATADOS;Analítica;;
3.1.90.04.14.00.00.0000;FÉRIAS/ABONO CONSTITUCIONAL - CONTRATO TEMPORÁRIO;Sintética;;
3.1.90.04.14.02.00.0000;FÉRIAS/ABONO CONSTITUCIONAL DE PROFESSORES CONTRATADOS;Analítica;;
3.1.90.04.14.03.00.0000;FÉRIAS/ABONO CONSTITUCIONAL DE PROFISSIONAIS DA SAÚDE CONTRATADOS;Analítica;;
3.1.90.04.14.99.00.0000;FÉRIAS/ABONO CONSTITUCIONAL DE OUTROS CONTRATADOS;Analítica;;
3.1.90.04.15.00.00.0000;OBRIGAÇÕES PATRONAIS;Sintética;;
3.1.90.04.15.02.00.0000;OBRIGAÇÕES PATRONAIS DE PROFESSORES CONTRATADOS;Analítica;;
3.1.90.04.15.03.00.0000;OBRIGAÇÕES PATRONAIS DE PROFISSIONAIS DA SAÚDE CONTRATADOS;Analítica;;
3.1.90.04.15.99.00.0000;OBRIGAÇÕES PATRONAIS DE OUTROS CONTRATADOS;Analítica;;
3.1.90.04.51.00.00.0000;ADICIONAIS DE CONTRATO TEMPORÁRIO;Sintética;;
3.1.90.04.51.02.00.0000;ADICIONAIS DE PROFESSORES CONTRATADOS;Analítica;;
3.1.90.04.51.03.00.0000;ADICIONAIS DE PROFISSIONAIS DA SAÚDE CONTRATADOS;Analítica;;
3.1.90.04.51.99.00.0000;ADICIONAIS DE OUTROS CONTRATADOS;Analítica;;
3.1.90.04.99.00.00.0000;OUTRAS CONTRATAÇÕES POR TEMPO DETERMINADO;Sintética;;
3.1.90.04.99.99.00.0000;OUTRAS CONTRATAÇÕES POR TEMPO DETERMINADO;Analítica;;
3.1.90.07.00.00.00.0000;CONTRIBUIÇÃO A ENTIDADES FECHADAS DE PREVIDÊNCIA;Sintética;;
3.1.90.07.01.00.00.0000; CONTRIBUIÇÃO PATRONAL PREVIDÊNCIA PRIVADA;Analítica;;
3.1.90.07.03.00.00.0000;COMPLEMENTAÇÃO DE PREVIDÊNCIA;Analítica;;
3.1.90.07.99.00.00.0000;OUTRAS CONTRIBUIÇÕES;Analítica;;
3.1.90.08.00.00.00.0000;OUTROS BENEFÍCIOS ASSISTENCIAIS ;Sintética;;
3.1.90.08.01.00.00.0000;OUTROS BENEFÍCIOS ASSISTENCIAIS DO SERVIDOR E DO MILITAR;Analítica;;
3.1.90.11.00.00.00.0000;VENCIMENTOS E VANTAGENS FIXAS - PESSOAL CIVIL;Sintética;;
3.1.90.11.01.00.00.0000;VENCIMENTOS E SALÁRIOS;Sintética;;
3.1.90.11.01.01.00.0000;VENCIMENTOS E VANTAGENS FIXAS - SERVIDORES - RGPS;Analítica;;
3.1.90.11.01.02.00.0000;VENCIMENTOS E VANTAGENS FIXAS - SERVIDORES - RPPS;Analítica;;
3.1.90.11.01.03.00.0000;VENCIMENTOS E VANTAGENS FIXAS - SERVIDORES - RPPS DE OUTROS ENTES;Analítica;;
3.1.90.11.04.00.00.0000;ADICIONAL NOTURNO;Sintética;;
3.1.90.11.04.01.00.0000;ADICIONAL NOTURNO - RGPS;Analítica;;
3.1.90.11.04.02.00.0000;ADICIONAL NOTURNO - RPPS;Sintética;;
3.1.90.11.04.02.01.0000;ADICIONAL NOTURNO - RPPS - INTEGRA O SALÁRIO-DE-CONTRIBUIÇÃO - RPPS;Analítica;;
3.1.90.11.04.02.02.0000;ADICIONAL NOTURNO - RPPS -  NÃO INTEGRA O SALÁRIO-DE-CONTRIBUIÇÃO - RPPS;Analítica;;
3.1.90.11.04.03.00.0000;ADICIONAL NOTURNO - RPPS DE OUTROS ENTES;Analítica;;
3.1.90.11.05.00.00.0000;INCORPORAÇÕES;Sintética;;
3.1.90.11.05.01.00.0000;INCORPORAÇÕES - RGPS;Analítica;;
3.1.90.11.05.02.00.0000;INCORPORAÇÕES - RPPS;Sintética;;
3.1.90.11.05.02.01.0000;INCORPORAÇÕES - RPPS - INTEGRA O SALÁRIO-DE-CONTRIBUIÇÃO - RPPS;Analítica;;
3.1.90.11.05.02.02.0000;INCORPORAÇÕES - RPPS - NÃO INTEGRA O SALÁRIO-DE-CONTRIBUIÇÃO - RPPS;Analítica;;
3.1.90.11.05.03.00.0000;INCORPORAÇÕES - RPPS DE OUTROS ENTES;Analítica;;
3.1.90.11.07.00.00.0000;ABONO DE PERMANÊNCIA;Sintética;;
3.1.90.11.07.02.00.0000;ABONO DE PERMANÊNCIA - RPPS;Sintética;;
3.1.90.11.07.02.01.0000;ABONO DE PERMANÊNCIA - RPPS - INTEGRA O SALÁRIO-DE-CONTRIBUIÇÃO - RPPS;Analítica;;
3.1.90.11.07.02.02.0000;ABONO DE PERMANÊNCIA - RPPS - NÃO INTEGRA O SALÁRIO-DE-CONTRIBUIÇÃO - RPPS;Analítica;;
3.1.90.11.07.03.00.0000;ABONO DE PERMANÊNCIA - RPPS DE OUTROS ENTES;Analítica;;
3.1.90.11.08.00.00.0000;ADIANTAMENTO PECUNIÁRIO;Sintética;;
3.1.90.11.08.01.00.0000;ADIANTAMENTO PECUNIÁRIO - RGPS;Analítica;;
3.1.90.11.08.02.00.0000;ADIANTAMENTO PECUNIÁRIO - RPPS;Sintética;;
3.1.90.11.08.02.01.0000;ADIANTAMENTO PECUNIÁRIO - RPPS - INTEGRA O SALÁRIO-DE-CONTRIBUIÇÃO - RPPS;Analítica;;
3.1.90.11.08.02.02.0000;ADIANTAMENTO PECUNIÁRIO - RPPS - NÃO INTEGRA O SALÁRIO-DE-CONTRIBUIÇÃO - RPPS;Analítica;;
3.1.90.11.08.03.00.0000;ADIANTAMENTO PECUNIÁRIO - RPPS DE OUTROS ENTES;Analítica;;
3.1.90.11.09.00.00.0000;ADICIONAL DE PERICULOSIDADE;Sintética;;
3.1.90.11.09.01.00.0000;ADICIONAL DE PERICULOSIDADE - RGPS;Analítica;;
3.1.90.11.09.02.00.0000;ADICIONAL DE PERICULOSIDADE - RPPS;Sintética;;
3.1.90.11.09.02.01.0000;ADICIONAL DE PERICULOSIDADE - RPPS - INTEGRA O SALÁRIO-DE-CONTRIBUIÇÃO - RPPS;Analítica;;
3.1.90.11.09.02.02.0000;ADICIONAL DE PERICULOSIDADE - RPPS - NÃO INTEGRA O SALÁRIO-DE-CONTRIBUIÇÃO - RPPS;Analítica;;
3.1.90.11.09.03.00.0000;ADICIONAL DE PERICULOSIDADE - RPPS DE OUTROS ENTES;Analítica;;
3.1.90.11.10.00.00.0000;ADICIONAL DE INSALUBRIDADE;Sintética;;
3.1.90.11.10.01.00.0000;ADICIONAL DE INSALUBRIDADE - RGPS;Analítica;;
3.1.90.11.10.02.00.0000;ADICIONAL DE INSALUBRIDADE - RPPS;Sintética;;
3.1.90.11.10.02.01.0000;ADICIONAL DE INSALUBRIDADE - RPPS - INTEGRA O SALÁRIO-DE-CONTRIBUIÇÃO - RPPS;Analítica;;
3.1.90.11.10.02.02.0000;ADICIONAL DE INSALUBRIDADE - RPPS - NÃO INTEGRA O SALÁRIO-DE-CONTRIBUIÇÃO - RPPS;Analítica;;
3.1.90.11.10.03.00.0000;ADICIONAL DE INSALUBRIDADE - RPPS DE OUTROS ENTES;Analítica;;
3.1.90.11.11.00.00.0000;ADICIONAL DE ATIVIDADES PENOSAS;Sintética;;
3.1.90.11.11.01.00.0000;ADICIONAL DE ATIVIDADES PENOSAS - RGPS;Analítica;;
3.1.90.11.11.02.00.0000;ADICIONAL DE ATIVIDADES PENOSAS - RPPS;Sintética;;
3.1.90.11.11.02.01.0000;ADICIONAL DE ATIVIDADES PENOSAS - RPPS - INTEGRA O SALÁRIO-DE-CONTRIBUIÇÃO - RPPS;Analítica;;
3.1.90.11.11.02.02.0000;ADICIONAL DE ATIVIDADES PENOSAS - RPPS - NÃO INTEGRA O SALÁRIO-DE-CONTRIBUIÇÃO - RPPS;Analítica;;
3.1.90.11.11.03.00.0000;ADICIONAL DE ATIVIDADES PENOSAS - RPPS DE OUTROS ENTES;Analítica;;
3.1.90.11.13.00.00.0000;INCENTIVO A QUALIFICAÇÃO;Sintética;;
3.1.90.11.13.01.00.0000;INCENTIVO A QUALIFICAÇÃO - RGPS;Analítica;;
3.1.90.11.13.02.00.0000;INCENTIVO A QUALIFICAÇÃO - RPPS;Sintética;;
3.1.90.11.13.02.01.0000;INCENTIVO A QUALIFICAÇÃO - RPPS - INTEGRA O SALÁRIO-DE-CONTRIBUIÇÃO - RPPS;Analítica;;
3.1.90.11.13.02.02.0000;INCENTIVO A QUALIFICAÇÃO - RPPS - NÃO INTEGRA O SALÁRIO-DE-CONTRIBUIÇÃO - RPPS;Analítica;;
3.1.90.11.13.03.00.0000;INCENTIVO A QUALIFICAÇÃO - RPPS DE OUTROS ENTES;Sintética;;
3.1.90.11.30.00.00.0000;ABONO PROVISÓRIO - PESSOAL CIVIL;Sintética;;
3.1.90.11.30.01.00.0000;ABONO PROVISÓRIO - PESSOAL CIVIL - RGPS;Analítica;;
3.1.90.11.30.02.00.0000;ABONO PROVISÓRIO - PESSOAL CIVIL - RPPS;Sintética;;
3.1.90.11.30.02.01.0000;ABONO PROVISÓRIO - PESSOAL CIVIL - RPPS - INTEGRA O SALÁRIO-DE-CONTRIBUIÇÃO - RPPS;Analítica;;
3.1.90.11.30.02.02.0000;ABONO PROVISÓRIO - PESSOAL CIVIL - RPPS - NÃO INTEGRA O SALÁRIO-DE-CONTRIBUIÇÃO - RPPS;Analítica;;
3.1.90.11.30.03.00.0000;ABONO PROVISÓRIO - PESSOAL CIVIL -RPPS DE OUTROS ENTES;Analítica;;
3.1.90.11.31.00.00.0000;GRATIFICAÇÃO POR EXERCÍCIO DE CARGOS;Sintética;;
3.1.90.11.31.01.00.0000;GRATIFICAÇÃO POR EXERCÍCIO DE CARGOS - RGPS;Analítica;;
3.1.90.11.31.02.00.0000;GRATIFICAÇÃO POR EXERCÍCIO DE CARGOS - RPPS;Sintética;;
3.1.90.11.31.02.01.0000;GRATIFICAÇÃO POR EXERCÍCIO DE CARGOS  - INTEGRA O SALÁRIO-DE-CONTRIBUIÇÃO - RPPS;Analítica;;
3.1.90.11.31.02.02.0000;GRATIFICAÇÃO POR EXERCÍCIO DE CARGOS  - NÃO  INTEGRA O SALÁRIO-DE-CONTRIBUIÇÃO - RPPS;Analítica;;
3.1.90.11.31.03.00.0000;GRATIFICAÇÃO POR EXERCÍCIO DE CARGOS - RPPS DE OUTROS ENTES;Analítica;;
3.1.90.11.33.00.00.0000;GRATIFICAÇÃO POR EXERCÍCIO DE FUNÇÕES;Sintética;;
3.1.90.11.33.01.00.0000;GRATIFICAÇÃO POR EXERCÍCIO DE FUNÇÕES - RGPS;Analítica;;
3.1.90.11.33.02.00.0000;GRATIFICAÇÃO POR EXERCÍCIO DE FUNÇÕES - RPPS;Sintética;;
3.1.90.11.33.02.01.0000;GRATIFICAÇÃO POR EXERCÍCIO DE FUNÇÕES - INTEGRA O SALÁRIO-DE-CONTRIBUIÇÃO - RPPS;Analítica;;
3.1.90.11.33.02.02.0000;GRATIFICAÇÃO POR EXERCÍCIO DE FUNÇÕES - NÃO  INTEGRA O SALÁRIO-DE-CONTRIBUIÇÃO - RPPS;Analítica;;
3.1.90.11.33.03.00.0000;GRATIFICAÇÃO POR EXERCÍCIO DE FUNÇÕES - RPPS DE OUTROS ENTES;Analítica;;
3.1.90.11.37.00.00.0000;GRATIFICAÇÃO DE TEMPO DE SERVIÇO;Sintética;;
3.1.90.11.37.01.00.0000;GRATIFICAÇÃO DE TEMPO DE SERVIÇO - RGPS;Analítica;;
3.1.90.11.37.02.00.0000;GRATIFICAÇÃO DE TEMPO DE SERVIÇO - RPPS;Sintética;;
3.1.90.11.37.02.01.0000;GRATIFICAÇÃO DE TEMPO DE SERVIÇO -  INTEGRA O SALÁRIO-DE-CONTRIBUIÇÃO - RPPS;Analítica;;
3.1.90.11.37.02.02.0000;GRATIFICAÇÃO DE TEMPO DE SERVIÇO -  NÃO INTEGRA O SALÁRIO-DE-CONTRIBUIÇÃO - RPPS;Analítica;;
3.1.90.11.37.03.00.0000;GRATIFICAÇÃO DE TEMPO DE SERVIÇO - RPPS DE OUTROS ENTES;Analítica;;
3.1.90.11.40.00.00.0000;GRATIFICAÇÕES ESPECIAIS;Sintética;;
3.1.90.11.40.01.00.0000;GRATIFICAÇÕES ESPECIAIS - RGPS;Analítica;;
3.1.90.11.40.02.00.0000;GRATIFICAÇÕES ESPECIAIS - RPPS;Sintética;;
3.1.90.11.40.02.01.0000;GRATIFICAÇÕES ESPECIAIS - INTEGRA O SALÁRIO-DE-CONTRIBUIÇÃO - RPPS;Analítica;;
3.1.90.11.40.02.02.0000;GRATIFICAÇÕES ESPECIAIS - NÃO INTEGRA O SALÁRIO-DE-CONTRIBUIÇÃO - RPPS;Analítica;;
3.1.90.11.40.03.00.0000;GRATIFICAÇÕES ESPECIAIS - RPPS DE OUTROS ENTES;Analítica;;
3.1.90.11.42.00.00.0000;FÉRIAS VENCIDAS E PROPORCIONAIS;Sintética;;
3.1.90.11.42.01.00.0000;FÉRIAS VENCIDAS E PROPORCIONAIS - RGPS;Analítica;;
3.1.90.11.42.02.00.0000;FÉRIAS VENCIDAS E PROPORCIONAIS- RPPS;Sintética;;
3.1.90.11.42.02.01.0000;FÉRIAS VENCIDAS E PROPORCIONAIS - RPPS - INTEGRA O SALÁRIO-DE-CONTRIBUIÇÃO - RPPS;Analítica;;
3.1.90.11.42.02.02.0000;FÉRIAS VENCIDAS E PROPORCIONAIS - RPPS - NÃO INTEGRA O SALÁRIO-DE-CONTRIBUIÇÃO - RPPS;Analítica;;
3.1.90.11.42.03.00.0000;FÉRIAS VENCIDAS E PROPORCIONAIS - RPPS DE OUTROS ENTES;Analítica;;
3.1.90.11.43.00.00.0000;13º SALÁRIO;Sintética;;
3.1.90.11.43.01.00.0000;13º SALÁRIO - RGPS;Analítica;;
3.1.90.11.43.02.00.0000;13º SALÁRIO - RPPS;Sintética;;
3.1.90.11.43.02.01.0000;13º SALÁRIO - RPPS - INTEGRA O SALÁRIO-DE-CONTRIBUIÇÃO - RPPS;Analítica;;
3.1.90.11.43.02.02.0000;13º SALÁRIO - RPPS - NÃO INTEGRA O SALÁRIO-DE-CONTRIBUIÇÃO - RPPS;Analítica;;
3.1.90.11.43.03.00.0000;13º SALÁRIO - RPPS DE OUTROS ENTES;Analítica;;
3.1.90.11.44.00.00.0000;FÉRIAS - ABONO PECUNIÁRIO;Sintética;;
3.1.90.11.44.01.00.0000;FÉRIAS - ABONO PECUNIÁRIO - RGPS;Analítica;;
3.1.90.11.44.02.00.0000;FÉRIAS - ABONO PECUNIÁRIO - RPPS;Sintética;;
3.1.90.11.44.02.01.0000;FÉRIAS - ABONO PECUNIÁRIO - RPPS - INTEGRA O SALÁRIO-DE-CONTRIBUIÇÃO - RPPS;Analítica;;
3.1.90.11.44.02.02.0000;FÉRIAS - ABONO PECUNIÁRIO - RPPS - NÃO INTEGRA O SALÁRIO-DE-CONTRIBUIÇÃO - RPPS;Analítica;;
3.1.90.11.44.03.00.0000;FÉRIAS - ABONO PECUNIÁRIO - RPPS DE OUTROS ENTES;Analítica;;
3.1.90.11.45.00.00.0000;FÉRIAS - ABONO CONSTITUCIONAL;Sintética;;
3.1.90.11.45.01.00.0000;FÉRIAS - ABONO CONSTITUCIONAL - RGPS;Analítica;;
3.1.90.11.45.02.00.0000;FÉRIAS - ABONO CONSTITUCIONAL - RPPS;Sintética;;
3.1.90.11.45.02.01.0000;FÉRIAS - ABONO CONSTITUCIONAL - RPPS - INTEGRA O SALÁRIO-DE-CONTRIBUIÇÃO - RPPS;Analítica;;
3.1.90.11.45.02.02.0000;FÉRIAS - ABONO CONSTITUCIONAL - RPPS - NÃO INTEGRA O SALÁRIO-DE-CONTRIBUIÇÃO - RPPS;Analítica;;
3.1.90.11.45.03.00.0000;FÉRIAS - ABONO CONSTITUCIONAL - RPPS DE OUTROS ENTES;Analítica;;
3.1.90.11.46.00.00.0000;FÉRIAS - PAGAMENTO ANTECIPADO;Sintética;;
3.1.90.11.46.01.00.0000;FÉRIAS - PAGAMENTO ANTECIPADO - RGPS;Analítica;;
3.1.90.11.46.02.00.0000;FÉRIAS - PAGAMENTO ANTECIPADO - RPPS;Sintética;;
3.1.90.11.46.02.01.0000;FÉRIAS - PAGAMENTO ANTECIPADO - RPPS - INTEGRA O SALÁRIO-DE-CONTRIBUIÇÃO - RPPS;Analítica;;
3.1.90.11.46.02.02.0000;FÉRIAS - PAGAMENTO ANTECIPADO - RPPS - NÃO INTEGRA O SALÁRIO-DE-CONTRIBUIÇÃO - RPPS;Analítica;;
3.1.90.11.46.03.00.0000;FÉRIAS - PAGAMENTO ANTECIPADO - RPPS DE OUTROS ENTES;Analítica;;
3.1.90.11.47.00.00.0000;LICENÇA - PRÊMIO;Sintética;;
3.1.90.11.47.01.00.0000;LICENÇA - PRÊMIO - RGPS;Analítica;;
3.1.90.11.47.02.00.0000;LICENÇA - PRÊMIO - RPPS;Sintética;;
3.1.90.11.47.02.01.0000;LICENÇA - PRÊMIO - RPPS - INTEGRA O SALÁRIO-DE-CONTRIBUIÇÃO - RPPS;Analítica;;
3.1.90.11.47.02.02.0000;LICENÇA - PRÊMIO - RPPS - NÃO INTEGRA O SALÁRIO-DE-CONTRIBUIÇÃO - RPPS;Analítica;;
3.1.90.11.47.03.00.0000;LICENÇA - PRÊMIO - RPPS DE OUTROS ENTES;Analítica;;
3.1.90.11.49.00.00.0000;LICENÇA CAPACITAÇÃO;Sintética;;
3.1.90.11.49.01.00.0000;LICENÇA CAPACITAÇÃO - RGPS;Analítica;;
3.1.90.11.49.02.00.0000;LICENÇA CAPACITAÇÃO - RPPS;Sintética;;
3.1.90.11.49.02.01.0000;LICENÇA CAPACITAÇÃO - RPPS - INTEGRA O SALÁRIO-DE-CONTRIBUIÇÃO - RPPS;Analítica;;
3.1.90.11.49.02.02.0000;LICENÇA CAPACITAÇÃO - RPPS - NÃO INTEGRA O SALÁRIO-DE-CONTRIBUIÇÃO - RPPS;Analítica;;
3.1.90.11.49.03.00.0000;LICENÇA CAPACITAÇÃO - RPPS DE OUTROS ENTES;Analítica;;
3.1.90.11.50.00.00.0000;SALÁRIO MATERNIDADE;Sintética;;
3.1.90.11.50.01.00.0000;SALÁRIO MATERNIDADE - RGPS;Analítica;;
3.1.90.11.50.02.00.0000;SALÁRIO MATERNIDADE - RPPS;Sintética;;
3.1.90.11.50.02.01.0000;SALÁRIO MATERNIDADE - RPPS - INTEGRA O SALÁRIO-DE-CONTRIBUIÇÃO - RPPS;Analítica;;
3.1.90.11.50.02.02.0000;SALÁRIO MATERNIDADE - RPPS - NÃO INTEGRA O SALÁRIO-DE-CONTRIBUIÇÃO - RPPS;Analítica;;
3.1.90.11.50.03.00.0000;SALÁRIO MATERNIDADE - RPPS DE OUTROS ENTES;Analítica;;
3.1.90.11.51.00.00.0000;OUTROS ADICIONAIS, VANTAGENS,GRATIFICAÇÕES E OUTROS COMPLEMENTOS DE SALÁRIOS;Sintética;;
3.1.90.11.51.01.00.0000;OUTROS ADICIONAIS, VANTAGENS,GRATIFICAÇÕES E OUTROS COMPLEMENTOS DE SALÁRIOS - RGPS;Analítica;;
3.1.90.11.51.02.00.0000;OUTROS ADICIONAIS, VANTAGENS,GRATIFICAÇÕES E OUTROS COMPLEMENTOS DE SALÁRIOS - RPPS;Sintética;;
3.1.90.11.51.02.01.0000;OUTROS ADICIONAIS, VANTAGENS,GRATIFICAÇÕES E OUTROS COMPLEMENTOS DE SALÁRIOS - INTEGRA O SALÁRIO-DE-CONTRIBUIÇÃO - RPPS;Analítica;;
3.1.90.11.51.02.02.0000;OUTROS ADICIONAIS, VANTAGENS,GRATIFICAÇÕES E OUTROS COMPLEMENTOS DE SALÁRIOS - NÃO INTEGRA O SALÁRIO-DE-CONTRIBUIÇÃO - RPPS;Analítica;;
3.1.90.11.51.03.00.0000;OUTROS ADICIONAIS, VANTAGENS,GRATIFICAÇÕES E OUTROS COMPLEMENTOS DE SALÁRIOS -  RPPS DE OUTROS ENTES;Analítica;;
3.1.90.11.52.00.00.0000;LICENÇA SAÚDE;Sintética;;
3.1.90.11.52.01.00.0000;LICENÇA SAÚDE - RGPS;Analítica;;
3.1.90.11.52.02.00.0000;LICENÇA SAÚDE - RPPS;Sintética;;
3.1.90.11.52.02.01.0000;LICENÇA SAÚDE - RPPS - INTEGRA O SALÁRIO-DE-CONTRIBUIÇÃO - RPPS;Analítica;;
3.1.90.11.52.02.02.0000;LICENÇA SAÚDE - RPPS - NÃO INTEGRA O SALÁRIO-DE-CONTRIBUIÇÃO - RPPS;Analítica;;
3.1.90.11.52.03.00.0000;LICENÇA SAÚDE - RPPS DE OUTROS ENTES;Analítica;;
3.1.90.11.73.00.00.0000;REMUNERAÇÃO PELA PARTICIPAÇÃO EM ORGÃOS DE DELIBERAÇÃO COLETIVA;Sintética;;
3.1.90.11.73.01.00.0000;REMUNERAÇÃO DOS CONSELHEIROS TUTELARES;Sintética;;
3.1.90.11.73.01.01.0000;REMUNERAÇÃO DOS CONSELHEIROS TUTELARES - RGPS;Analítica;;
3.1.90.11.73.01.02.0000;REMUNERAÇÃO DOS CONSELHEIROS TUTELARES - RPPS;Sintética;;
3.1.90.11.73.01.02.0001;REMUNERAÇÃO DOS CONSELHEIROS TUTELARES - RPPS - INTEGRA O SALÁRIO-DE-CONTRIBUIÇÃO - RPPS;Analítica;;
3.1.90.11.73.01.02.0002;REMUNERAÇÃO DOS CONSELHEIROS TUTELARES - RPPS - NÃO INTEGRA O SALÁRIO-DE-CONTRIBUIÇÃO - RPPS;Analítica;;
3.1.90.11.73.01.03.0000;REMUNERAÇÃO DOS CONSELHEIROS TUTELARES - RPPS DE OUTROS ENTES;Analítica;;
3.1.90.11.73.02.00.0000;REMUNERAÇÃO DOS INTEGRANTES DAS JARIS;Sintética;;
3.1.90.11.73.02.01.0000;REMUNERAÇÃO DOS INTEGRANTES DAS JARIS - RGPS;Analítica;;
3.1.90.11.73.02.02.0000;REMUNERAÇÃO DOS INTEGRANTES DAS JARIS - RPPS;Sintética;;
3.1.90.11.73.02.02.0001;REMUNERAÇÃO DOS INTEGRANTES DAS JARIS - RPPS - INTEGRA O SALÁRIO-DE-CONTRIBUIÇÃO - RPPS;Analítica;;
3.1.90.11.73.02.02.0002;REMUNERAÇÃO DOS INTEGRANTES DAS JARIS - RPPS - NÃO INTEGRA O SALÁRIO-DE-CONTRIBUIÇÃO - RPPS;Analítica;;
3.1.90.11.73.02.03.0000;REMUNERAÇÃO DOS INTEGRANTES DAS JARIS - RPPS DE OUTROS ENTES;Analítica;;
3.1.90.11.73.99.00.0000;REMUNERAÇÃO DOS INTEGRANTES DE OUTROS ÓRGÃO DE DELIBERAÇÃO COLETIVA;Sintética;;
3.1.90.11.73.99.01.0000;REMUNERAÇÃO DOS INTEGRANTES DE OUTROS ÓRGÃO DE DELIBERAÇÃO COLETIVA - RGPS;Analítica;;
3.1.90.11.73.99.02.0000;REMUNERAÇÃO DOS INTEGRANTES DE OUTROS ÓRGÃO DE DELIBERAÇÃO COLETIVA - RPPS;Sintética;;
3.1.90.11.73.99.02.0001;REMUNERAÇÃO DOS INTEGRANTES DE OUTROS ÓRGÃO DE DELIBERAÇÃO COLETIVA - RPPS - INTEGRA O SALÁRIO-DE-CONTRIBUIÇÃO - RPPS;Analítica;;
3.1.90.11.73.99.02.0002;REMUNERAÇÃO DOS INTEGRANTES DE OUTROS ÓRGÃO DE DELIBERAÇÃO COLETIVA - RPPS - NÃO INTEGRA O SALÁRIO-DE-CONTRIBUIÇÃO - RPPS;Analítica;;
3.1.90.11.73.99.03.0000;REMUNERAÇÃO DOS INTEGRANTES DE OUTROS ÓRGÃO DE DELIBERAÇÃO COLETIVA - RPPS DE OUTROS ENTES;Analítica;;
3.1.90.11.74.00.00.0000; SUBSIDIOS (EXCETO AGENTES POLÍTICOS);Sintética;;
3.1.90.11.74.01.00.0000;SUBSIDIOS - RGPS;Analítica;;
3.1.90.11.74.02.00.0000;SUBSIDIOS - RPPS;Sintética;;
3.1.90.11.74.02.01.0000;SUBSIDIOS - RPPS - INTEGRA O SALÁRIO-DE-CONTRIBUIÇÃO - RPPS;Analítica;;
3.1.90.11.74.02.02.0000;SUBSIDIOS - RPPS - NÃO INTEGRA O SALÁRIO-DE-CONTRIBUIÇÃO - RPPS;Analítica;;
3.1.90.11.74.03.00.0000;SUBSIDIOS - RPPS DE OUTROS ENTES;Analítica;;
3.1.90.11.75.00.00.0000;SUBSÍDIOS - AGENTES POLÍTICOS;Sintética;;
3.1.90.11.75.01.00.0000;SUBSÍDIOS - PREFEITO;Sintética;;
3.1.90.11.75.01.01.0000;SUBSÍDIOS - PREFEITO - RGPS;Analítica;;
3.1.90.11.75.01.02.0000;SUBSÍDIOS - PREFEITO - RPPS;Sintética;;
3.1.90.11.75.01.02.0001;SUBSÍDIOS - PREFEITO - RPPS - INTEGRA O SALÁRIO-DE-CONTRIBUIÇÃO - RPPS;Analítica;;
3.1.90.11.75.01.02.0002;SUBSÍDIOS - PREFEITO - RPPS - NÃO INTEGRA O SALÁRIO-DE-CONTRIBUIÇÃO - RPPS;Analítica;;
3.1.90.11.75.01.03.0000;SUBSÍDIOS - PREFEITO - RPPS DE OUTROS ENTES;Analítica;;
3.1.90.11.75.02.00.0000 ;SUBSÍDIOS - VICE-PREFEITO;Sintética;;
3.1.90.11.75.02.01.0000 ;SUBSÍDIOS - VICE-PREFEITO - RGPS;Analítica;;
3.1.90.11.75.02.02.0000 ;SUBSÍDIOS - VICE-PREFEITO - RPPS;Sintética;;
3.1.90.11.75.02.02.0001;SUBSÍDIOS - VICE-PREFEITO - RPPS - INTEGRA O SALÁRIO-DE-CONTRIBUIÇÃO - RPPS;Analítica;;
3.1.90.11.75.02.02.0002;SUBSÍDIOS - VICE-PREFEITO - RPPS - NÃO INTEGRA O SALÁRIO-DE-CONTRIBUIÇÃO - RPPS;Analítica;;
3.1.90.11.75.02.03.0000 ;SUBSÍDIOS - VICE-PREFEITO - RPPS DE OUTROS ENTES;Analítica;;
3.1.90.11.75.03.00.0000 ;SUBSÍDIOS - VEREADOR PRESIDENTE DA CÂMARA;Sintética;;
3.1.90.11.75.03.01.0000 ;SUBSÍDIOS - VEREADOR PRESIDENTE DA CÂMARA - RGPS;Analítica;;
3.1.90.11.75.03.02.0000 ;SUBSÍDIOS - VEREADOR PRESIDENTE DA CÂMARA - RPPS;Sintética;;
3.1.90.11.75.03.02.0001;SUBSÍDIOS - VEREADOR PRESIDENTE DA CÂMARA - RPPS - INTEGRA O SALÁRIO-DE-CONTRIBUIÇÃO - RPPS;Analítica;;
3.1.90.11.75.03.02.0002;SUBSÍDIOS - VEREADOR PRESIDENTE DA CÂMARA - RPPS - NÃO INTEGRA O SALÁRIO-DE-CONTRIBUIÇÃO - RPPS;Analítica;;
3.1.90.11.75.03.03.0000 ;SUBSÍDIOS - VEREADOR PRESIDENTE DA CÂMARA - RPPS DE OUTROS ENTES;Analítica;;
3.1.90.11.75.04.00.0000 ;SUBSÍDIOS - VEREADORES;Sintética;;
3.1.90.11.75.04.01.0000 ;SUBSÍDIOS - VEREADORES - RGPS;Analítica;;
3.1.90.11.75.04.02.0000 ;SUBSÍDIOS - VEREADORES - RPPS;Sintética;;
3.1.90.11.75.04.02.0001;SUBSÍDIOS - VEREADORES - RPPS - INTEGRA O SALÁRIO-DE-CONTRIBUIÇÃO - RPPS;Analítica;;
3.1.90.11.75.04.02.0002;SUBSÍDIOS - VEREADORES - RPPS - NÃO INTEGRA O SALÁRIO-DE-CONTRIBUIÇÃO - RPPS;Analítica;;
3.1.90.11.75.04.03.0000 ;SUBSÍDIOS - VEREADORES - RPPS DE OUTROS ENTES;Analítica;;
3.1.90.11.75.05.00.0000;SUBSÍDIOS - SECRETÁRIOS;Sintética;;
3.1.90.11.75.05.01.0000;SUBSÍDIOS - SECRETÁRIOS - RGPS;Analítica;;
3.1.90.11.75.05.02.0000;SUBSÍDIOS - SECRETÁRIOS - RPPS;Sintética;;
3.1.90.11.75.05.02.0001;SUBSÍDIOS - SECRETÁRIOS - RPPS - INTEGRA O SALÁRIO-DE-CONTRIBUIÇÃO - RPPS;Analítica;;
3.1.90.11.75.05.02.0002;SUBSÍDIOS - SECRETÁRIOS - RPPS - NÃO INTEGRA O SALÁRIO-DE-CONTRIBUIÇÃO - RPPS;Analítica;;
3.1.90.11.75.05.03.0000;SUBSÍDIOS - SECRETÁRIOS - RPPS DE OUTROS ENTES;Sintética;;
3.1.90.11.75.99.00.0000;OUTROS SUBSÍDIOS - AGENTES POLÍTICOS    ;Sintética;;
3.1.90.11.75.99.01.0000;OUTROS SUBSÍDIOS - AGENTES POLÍTICOS - RGPS;Analítica;;
3.1.90.11.75.99.02.0000;OUTROS SUBSÍDIOS - AGENTES POLÍTICOS - RPPS      ;Sintética;;
3.1.90.11.75.99.02.0001;OUTROS SUBSÍDIOS - AGENTES POLÍTICOS - RPPS - INTEGRA O SALÁRIO-DE-CONTRIBUIÇÃO - RPPS;Analítica;;
3.1.90.11.75.99.02.0002;OUTROS SUBSÍDIOS - AGENTES POLÍTICOS - RPPS - NÃO INTEGRA O SALÁRIO-DE-CONTRIBUIÇÃO - RPPS;Analítica;;
3.1.90.11.75.99.03.0000;OUTROS SUBSÍDIOS - AGENTES POLÍTICOS - RPPS DE OUTROS ENTES;Analítica;;
3.1.90.11.99.00.00.0000;OUTRAS DESPESAS FIXAS - PESSOAL CIVIL;Sintética;;
3.1.90.11.99.01.00.0000;OUTRAS DESPESAS FIXAS - PESSOAL CIVIL - RGPS;Analítica;;
3.1.90.11.99.02.00.0000;OUTRAS DESPESAS FIXAS - PESSOAL CIVIL - RPPS;Sintética;;
3.1.90.11.99.02.01.0000;OUTRAS DESPESAS FIXAS - PESSOAL CIVIL - RPPS - INTEGRA O SALÁRIO-DE-CONTRIBUIÇÃO - RPPS;Analítica;;
3.1.90.11.99.02.02.0000;OUTRAS DESPESAS FIXAS - PESSOAL CIVIL - RPPS - NÃO INTEGRA O SALÁRIO-DE-CONTRIBUIÇÃO - RPPS;Analítica;;
3.1.90.11.99.03.00.0000;OUTRAS DESPESAS FIXAS - PESSOAL CIVIL - RPPS DE OUTROS ENTES;Analítica;;
3.1.90.12.00.00.00.0000;VENCIMENTOS E VANTAGENS FIXAS - PESSOAL MILITAR;Sintética;;
3.1.90.13.00.00.00.0000;OBRIGAÇÕES PATRONAIS;Sintética;;
3.1.90.13.01.00.00.0000;FGTS;Sintética;;
3.1.90.13.01.01.00.0000;FGTS - SERVIDORES;Analítica;;
3.1.90.13.02.00.00.0000;CONTRIBUIÇÕES PREVIDENCIÁRIAS - INSS;Sintética;;
3.1.90.13.02.01.00.0000;INSS - SERVIDORES;Analítica;;
3.1.90.13.02.03.00.0000;INSS - AGENTES POLÍTICOS;Analítica;;
3.1.90.13.02.04.00.0000;INSS SOBRE SESSÃO EXTRAORDINÁRIA - AGENTES POLÍTICOS;Analítica;;
3.1.90.13.02.05.00.0000;INSS SOBRE CONVOCAÇÃO EXTRAORDINÁRIA - AGENTES POLÍTICOS;Analítica;;
3.1.90.13.15.00.00.0000;MULTAS;Analítica;;
3.1.90.13.17.00.00.0000;JUROS;Analítica;;
3.1.90.13.40.00.00.0000;ENCARGOS DE PESSOAL REQUISITADO DE OUTROS ENTES;Analítica;;
3.1.90.13.99.00.00.0000;OUTRAS OBRIGAÇÕES PATRONAIS;Analítica;;
3.1.90.16.00.00.00.0000;OUTRAS DESPESAS VARIÁVEIS - PESSOAL CIVIL;Sintética;;
3.1.90.16.04.00.00.0000;CONVOCAÇÃO EXTRAORDINÁRIA;Analítica;;
3.1.90.16.32.00.00.0000;SUBSTITUIÇÕES;Analítica;;
3.1.90.16.44.00.00.0000;SERVIÇOS EXTRAORDINÁRIOS;Analítica;;
3.1.90.16.99.00.00.0000;OUTRAS DESPESAS VARIÁVEIS - PESSOAL CIVIL;Sintética;;
3.1.90.16.99.01.00.0000;AJUDA DE CUSTO;Analítica;;
3.1.90.16.99.02.00.0000;REMOÇÕES;Analítica;;
3.1.90.16.99.03.00.0000;SESSÕES EXTRAORDINÁRIAS;Analítica;;
3.1.90.17.00.00.00.0000;OUTRAS DESPESAS VARIÁVEIS - PESSOAL MILITAR;Sintética;;
3.1.90.67.00.00.00.0000;DEPÓSITOS COMPULSÓRIOS;Sintética;;
3.1.90.67.02.00.00.0000;DEPÓSITOS JUDICIAIS;Analítica;;
3.1.90.67.03.00.00.0000;DEPÓSITOS PARA RECURSOS;Analítica;;
3.1.90.67.99.00.00.0000;OUTROS DEPÓSITOS COMPULSÓRIOS;Analítica;;
3.1.90.86.00.00.00.0000;COMPENSAÇÕES A REGIMES DE PREVIDÊNCIA;Sintética;;
3.1.90.86.01.00.00.0000;COMPENSAÇÕES A REGIMES DE PREVIDÊNCIA - RGPS;Analítica;;
3.1.90.86.02.00.00.0000;COMPENSAÇÕES A REGIMES DE PREVIDÊNCIA - RPPS DE OUTROS ENTES;Analítica;;
3.1.90.91.00.00.00.0000;SENTENÇAS JUDICIAIS;Sintética;;
3.1.90.91.01.00.00.0000;PRECATÓRIOS - ATIVO CIVIL;Sintética;;
3.1.90.91.01.01.00.0000;PRECATÓRIOS - ATIVO CIVIL - COM FATO GERADOR DA DESPESA - ÚLTIMOS 12 MESES;Analítica;;
3.1.90.91.01.02.00.0000;PRECATÓRIOS - ATIVO CIVIL - COM FATO GERADOR DA DESPESA - ANTERIOR AOS ÚLTIMOS 12 MESES;Analítica;;
3.1.90.91.02.00.00.0000;PRECATORIOS - ATIVO MILITAR;Analítica;;
3.1.90.91.06.00.00.0000;SENTENÇAS JUDICIAIS DE PEQUENO VALOR;Analítica;;
3.1.90.91.08.00.00.0000;SENTENCA JUDICIAL - ATIVO CIVIL;Analítica;;
3.1.90.91.09.00.00.0000;SENTENCA JUDICIAL - INATIVO CIVIL;Analítica;;
3.1.90.91.10.00.00.0000;SENTENÇA JUDICIAL - PENSIONISTA CIVIL;Analítica;;
3.1.90.91.11.00.00.0000;SENTENCA JUDICIAL - ATIVO MILITAR;Analítica;;
3.1.90.91.12.00.00.0000;SENTENCA JUDICIAL - INATIVO MILITAR;Analítica;;
3.1.90.91.13.00.00.0000;SENTENCA JUDICIAL - PENSIONISTA MILITAR;Analítica;;
3.1.90.91.14.00.00.0000;SENT.JUD.NÃO TRANS JULG ATIVO CIVIL;Analítica;;
3.1.90.91.15.00.00.0000;SENT.JUD.NÃO TRANS JULG INATIVO CIVIL;Analítica;;
3.1.90.91.16.00.00.0000;SENT.JUD.NÃO TRANS.JULG PENSIONISTA CIVIL;Analítica;;
3.1.90.91.17.00.00.0000;SENT.JUD.NÃO TRANS.JULG ATIVO MILITAR;Analítica;;
3.1.90.91.18.00.00.0000;SENT.JUD.NÃO TRANS.JULG INATIVO MILITAR;Analítica;;
3.1.90.91.19.00.00.0000;SENT.JUD.NÃO TRANS.JULG PENSIONISTA MILITAR;Analítica;;
3.1.90.91.20.00.00.0000;DEPÓSITOS JUDICIAIS;Analítica;;
3.1.90.91.23.00.00.0000;PRECATÓRIOS - INATIVO CIVIL;Analítica;;
3.1.90.91.24.00.00.0000;PRECATORIOS - INATIVOS MILITAR;Analítica;;
3.1.90.91.25.00.00.0000;HONORARIOS SUCUMBENCIAIS DE PRECATORIOS;Analítica;;
3.1.90.91.26.00.00.0000;SENTENCA JUDICIAL DE PEQ VALOR - ATIVO CIVIL;Analítica;;
3.1.90.91.27.00.00.0000;SENTENÇA JUDICIAL DE PEQ VALOR - ATIVO MILITAR;Analítica;;
3.1.90.91.28.00.00.0000;SENTENÇA JUDICIAL DE PEQ VALOR - INATIVO CIVIL;Analítica;;
3.1.90.91.29.00.00.0000;SENTENÇA JUDICIAL DE PEQ VALOR - INATIVO MILITAR;Analítica;;
3.1.90.91.30.00.00.0000;SENTENCA JUDICIAL DE PEQ VALOR - PENSIONISTA CIVIL;Analítica;;
3.1.90.91.31.00.00.0000;SENTENÇA JUDICIAL DE PEQ VALOR - PENSIONISTA MILITAR;Analítica;;
3.1.90.91.36.00.00.0000;PRECATÓRIOS - PENSIONISTA CIVIL;Analítica;;
3.1.90.91.37.00.00.0000;PRECATORIOS - PENSIONISTA MILITAR;Analítica;;
3.1.90.91.97.00.00.0000;OUTROS PRECATÓRIOS JUDICIAIS;Analítica;;
3.1.90.91.99.00.00.0000;OUTRAS SENTENÇAS JUDICIAIS;Analítica;;
3.1.90.92.00.00.00.0000;DESPESAS DE EXERCÍCIOS ANTERIORES;Sintética;;
3.1.90.92.01.00.00.0000;ATIVO CIVIL;Sintética;;
3.1.90.92.01.01.00.0000;DESPESAS DE EXERCÍCIOS ANTERIORES - ATIVO CIVIL - COM FATO GERADOR DA DESPESA - ÚLTIMOS 12 MESES;Analítica;;
3.1.90.92.01.02.00.0000;DESPESAS DE EXERCÍCIOS ANTERIORES - ATIVO CIVIL - COM FATO GERADOR DA DESPESA - ANTERIOR AOS ÚLTIMOS 12 MESES;Analítica;;
3.1.90.92.02.00.00.0000;INATIVO CIVIL;Analítica;;
3.1.90.92.03.00.00.0000;PENSÕES DO RPPS E DO MILITAR;Analítica;;
3.1.90.92.04.00.00.0000;OUTRAS DESPESAS VARIÁVEIS - CIVIL;Analítica;;
3.1.90.92.05.00.00.0000;OBRIGAÇÕES PATRONAIS - ATIVO CIVIL;Sintética;;
3.1.90.92.05.01.00.0000;OBRIGAÇÕES PATRONAIS - ATIVO CIVIL - COM FATO GERADOR DA DESPESA - ÚLTIMOS 12 MESES;Analítica;;
3.1.90.92.05.02.00.0000;OBRIGAÇÕES PATRONAIS - ATIVO CIVIL - COM FATO GERADOR DA DESPESA - ANTERIOR AOS ÚLTIMOS 12 MESES;Analítica;;
3.1.90.92.06.00.00.0000;OBRIGAÇÕES PATRONAIS - INATIVO CIVIL;Analítica;;
3.1.90.92.07.00.00.0000;CONTRIB. A ENTIDADES FECHADAS DE PREVIDÊNCIA;Sintética;;
3.1.90.92.07.01.00.0000;CONTRIB. A ENTIDADES FECHADAS DE PREVIDÊNCIA - COM FATO GERADOR DA DESPESA - ÚLTIMOS 12 MESES;Analítica;;
3.1.90.92.07.02.00.0000;CONTRIB. A ENTIDADES FECHADAS DE PREVIDÊNCIA - COM FATO GERADOR DA DESPESA - ANTERIOR AOS ÚLTIMOS 12 MESES;Analítica;;
3.1.90.92.12.00.00.0000;PENSIONISTA CIVIL;Analítica;;
3.1.90.92.13.00.00.0000;OBRIGAÇÕES PATRONAIS - ATIVO CIVIL;Analítica;;
3.1.90.92.16.00.00.0000;OUTRAS DESPESAS VARIÁVEIS - PESSOAL CIVIL;Analítica;;
3.1.90.92.17.00.00.0000;OUTRAS DESPESAS VARIÁVEIS - PESSOAL MILITAR;Analítica;;
3.1.90.92.23.00.00.0000;GRATIFICAÇÃO POR TEMPO DE SERVIÇO-ANUÊNIO - ATIVO CIVIL;Analítica;;
3.1.90.92.24.00.00.0000;GRATIFICAÇÃO POR TEMPO DE SERVIÇO-ANUÊNIO - INATIVO CIVIL;Analítica;;
3.1.90.92.25.00.00.0000;GRATIFICAÇÃO POR TEMPO DE SERVIÇO-ANUÊNIO - PENSIONISTA  CIVIL;Analítica;;
3.1.90.92.26.00.00.0000;RESSARCIMENTO DE DESPESAS DE PESSOAL REQUISITADO;Analítica;;
3.1.90.92.59.00.00.0000;PENSÕES ESPECIAIS;Analítica;;
3.1.90.92.91.00.00.0000;SENTENCAS JUDICIAIS;Analítica;;
3.1.90.92.94.00.00.0000;INDENIZACOES E RESTITUICOES TRABALHISTA;Sintética;;
3.1.90.92.94.01.00.0000;INDENIZACOES E RESTITUICOES TRABALHISTA - COM FATO GERADOR DA DESPESA - ÚLTIMOS 12 MESES;Analítica;;
3.1.90.92.94.02.00.0000;INDENIZACOES E RESTITUICOES TRABALHISTA - COM FATO GERADOR DA DESPESA - ANTERIOR AOS ÚLTIMOS 12 MESES;Analítica;;
3.1.90.92.96.00.00.0000;INDENIZACOES E RESTITUICOES TRAB. ATIVO CIVIL;Sintética;;
3.1.90.92.96.01.00.0000;INDENIZACOES E RESTITUICOES TRAB. ATIVO CIVIL - COM FATO GERADOR DA DESPESA - ÚLTIMOS 12 MESES;Analítica;;
3.1.90.92.96.02.00.0000;INDENIZACOES E RESTITUICOES TRAB. ATIVO CIVIL - COM FATO GERADOR DA DESPESA - ANTERIOR AOS ÚLTIMOS 12 MESES;Analítica;;
3.1.90.92.98.00.00.0000;INDENIZACOES E RESTITUICOES TRAB. ATIVO MIL.;Sintética;;
3.1.90.92.98.01.00.0000;INDENIZACOES E RESTITUICOES TRAB. ATIVO MIL. - COM FATO GERADOR DA DESPESA - ÚLTIMOS 12 MESES;Analítica;;
3.1.90.92.98.02.00.0000;INDENIZACOES E RESTITUICOES TRAB. ATIVO MIL. - COM FATO GERADOR DA DESPESA - ANTERIOR AOS ÚLTIMOS 12 MESES;Analítica;;
3.1.90.92.99.00.00.0000;OUTRAS DESPESAS DE EXERCÍCIOS ANTERIORES;Analítica;;
3.1.90.94.00.00.00.0000;INDENIZAÇÕES E RESTITUIÇÕES TRABALHISTAS;Sintética;;
3.1.90.94.01.00.00.0000;INDENIZAÇÕES TRABALHISTAS - ATIVO CIVIL;Sintética;;
3.1.90.94.01.01.00.0000;INDENIZAÇÃO PARA DEMISSÃO DE SERVIDORES/EMPREGADOS;Analítica;;
3.1.90.94.01.02.00.0000;DESPESAS RELATIVAS A PROGRAMAS DE DESLIGAMENTO VOLUNTÁRIO;Analítica;;
3.1.90.94.01.03.00.0000;FÉRIAS, AVISO PRÊVIO E/OU 13° SALÁRIO INDENIZADOS;Analítica;;
3.1.90.94.03.00.00.0000;INDENIZAÇÕES TRABALHISTAS - INATIVO CIVIL;Analítica;;
3.1.90.94.04.00.00.0000;INDENIZAÇÕES TRABALHISTAS - INATIVO MILITAR;Analítica;;
3.1.90.94.06.00.00.0000;INDENIZAÇÕES TRABALHISTAS - PENSIONISTA MILITAR;Analítica;;
3.1.90.94.13.00.00.0000;INDENIZAÇÕES TRABALHISTAS - PENSIONISTA CIVIL;Analítica;;
3.1.90.94.99.00.00.0000;DIVERSAS INDENIZAÇÕES TRABALHISTAS;Analítica;;
3.1.90.96.00.00.00.0000;RESSARCIMENTO DE DESPESAS  DE PESSOAL REQUISITADO;Sintética;;
3.1.90.96.01.00.00.0000;PESSOAL REQUISITADO DE OUTROS ÓRGÃOS;Analítica;;
3.1.90.96.99.00.00.0000;OUTRAS DESPESAS COM PESSOAL;Analítica;;
3.1.91.00.00.00.00.0000;APLICAÇÃO DIRETA DECORRENTE DE OPERAÇÃO ENTRE ÓRGÃOS, FUNDOS E ENTIDADES INTEGRANTES DOS ORÇAMENTOS FISCAL E DA SEGURIDADE SOCIAL;Sintética;;
3.1.91.04.00.00.00.0000;CONTRATAÇÃO POR TEMPO DETERMINADO;Sintética;;
3.1.91.13.00.00.00.0000;CONTRIBUIÇÕES PATRONAIS ;Sintética;;
3.1.91.13.02.00.00.0000;CONTRIBUIÇÕES PREVIDENCIÁRIAS - INSS;Analítica;;
3.1.91.13.03.00.00.0000;CONTRIBUIÇÃO PATRONAL PARA O RPPS;Sintética;;
3.1.91.13.03.01.00.0000;CONTRIBUIÇÕES PATRONAIS PARA O RPPS - ATIVO CIVIL;Analítica;;
3.1.91.13.03.02.00.0000;CONTRIBUIÇÕES PATRONAIS PARA O RPPS - INATIVO CIVIL;Analítica;;
3.1.91.13.03.03.00.0000;CONTRIBUIÇÕES PATRONAIS PARA O RPPS - PENSIONISTA;Analítica;;
3.1.91.13.03.04.00.0000;CONTRIBUIÇÕES PATRONAIS PARA O RPPS - VEREADORES;Analítica;;
3.1.91.13.04.00.00.0000;CONTRIBUIÇÃO DE SALÁRIO-EDUCAÇÃO;Analítica;;
3.1.91.13.08.00.00.0000;PLANO DE SEGURIDADE  SOCIAL DO SERVIDOR - PESSOAL  ATIVO;Sintética;;
3.1.91.13.08.01.00.0000;CONTRIBUIÇÃO PATRONAL PARA O ATENDIMENTO A SAÚDE DO SERVIDOR ATIVO;Analítica;;
3.1.91.13.08.02.00.0000;CONTRIBUIÇÃO PATRONAL PARA A ASSISTÊNCIA SOCIAL DO SERVIDOR ATIVO;Analítica;;
3.1.91.13.10.00.00.0000;PLANO DE SEGURIDADE SOCIAL DO SERVIDOR - PESSOAL INATIVO;Sintética;;
3.1.91.13.10.01.00.0000;CONTRIBUIÇÃO PATRONAL PARA O ATENDIMENTO A SAÚDE DO SERVIDOR INATIVO;Analítica;;
3.1.91.13.10.02.00.0000;CONTRIBUIÇÃO PATRONAL PARA A ASSISTÊNCIA SOCIAL DO SERVIDOR INATIVO;Analítica;;
3.1.91.13.12.00.00.0000;PLANO DE SEGURIDADE SOCIAL DO PENSIONISTA;Sintética;;
3.1.91.13.12.01.00.0000;CONTRIBUIÇÃO PATRONAL PARA O ATENDIMENTO A SAÚDE DO PENSIONISTA;Analítica;;
3.1.91.13.12.02.00.0000;CONTRIBUIÇÃO PATRONAL PARA A ASSISTÊNCIA SOCIAL DO PENSIONISTA;Analítica;;
3.1.91.13.14.00.00.0000;MULTAS INDEDUTÍVEIS;Analítica;;
3.1.91.13.15.00.00.0000;MULTAS DEDUTÍVEIS;Sintética;;
3.1.91.13.15.01.00.0000;MULTAS SOBRE A CONTRIBUIÇÃO PATRONAL PARA O RPPS;Analítica;;
3.1.91.13.15.02.00.0000;MULTAS SOBRE A CONTRIBUIÇÃO PATRONAL PARA O PLANO DE SEGURIDADE SOCIAL DO SERVIDOR;Analítica;;
3.1.91.13.17.00.00.0000;JUROS;Sintética;;
3.1.91.13.17.01.00.0000;JUROS SOBRE A CONTRIBUIÇÃO PATRONAL PARA O RPPS;Analítica;;
3.1.91.13.17.02.00.0000;JUROS SOBRE A CONTRIBUIÇÃO PATRONAL PARA O PLANO DE SEGURIDADE SOCIAL DO SERVIDOR;Analítica;;
3.1.91.13.18.00.00.0000;CONTRIBUIÇÃO PARA O PIS/PASEP S/FOLHA PAGAMENTO;Analítica;;
3.1.91.13.99.00.00.0000;OUTRAS OBRIGAÇÕES PATRONAIS;Sintética;;
3.1.91.91.00.00.00.0000;SENTENÇAS JUDICIAIS  ;Sintética;;
3.1.91.91.05.00.00.0000;PRECATÓRIOS ADMINISTRAÇÃO DIRETA;Analítica;;
3.1.91.91.06.00.00.0000;SENTENÇAS JUDICIAIS DE PEQUENO VALOR;Analítica;;
3.1.91.91.07.00.00.0000;PRECATÓRIOS ADMINISTRAÇÃO INDIRETA (AUTARQUIAS/FUNDAÇÕES);Analítica;;
3.1.91.91.32.00.00.0000;SENTENÇAS JUDICIAIS TRANSITADAS EM JULGADO DE CARÁTER ÚNICO-ATIVO CIVIL;Analítica;;
3.1.91.91.51.00.00.0000;OBRIGACOES PATRONAIS DE PRECATORIOS;Analítica;;
3.1.91.91.52.00.00.0000;OBRIGACOES PATRONAIS - SENT.JUD.PEQUENO VALOR;Analítica;;
3.1.91.91.53.00.00.0000;OBRIGACOES PATRONAIS SENT.JUD.-PESSOAL CIVIL;Analítica;;
3.1.91.91.54.00.00.0000;OBRIGACOES PATRONAIS SENT.JUD.-PESSOAL MILITAR;Analítica;;
3.1.91.91.99.00.00.0000;OUTRAS SENTENÇAS JUDICIAIS;Analítica;;
3.1.91.92.00.00.00.0000;DESPESAS DE EXERCÍCIOS ANTERIORES  ;Sintética;;
3.1.91.92.04.00.00.0000;CONTRATAÇÃO POR TEMPO DETERMINADO;Analítica;;
3.1.91.92.05.00.00.0000;OBRIGAÇÕES PATRONAIS - RPPS - ATIVO CIVIL DO PLANO PREVIDENCIÁRIO;Analítica;;
3.1.91.92.06.00.00.0000;OBRIGAÇÕES PATRONAIS - RPPS - INATIVO CIVIL DO PLANO PREVIDENCIÁRIO;Analítica;;
3.1.91.92.07.00.00.0000;OBRIGAÇÕES PATRONAIS - RPPS - ATIVO CIVIL DO PLANO FINANCEIRO;Analítica;;
3.1.91.92.08.00.00.0000;OBRIGAÇÕES PATRONAIS - RPPS - INATIVO CIVIL DO PLANO FINANCEIRO;Analítica;;
3.1.91.92.09.00.00.0000;ALÍQUOTA SUPLEMENTAR DE CONTRIBUIÇÃO PREVIDENCIÁRIA - PESSOAL ATIVO DO PLANO PREVIDENCIÁRIO;Analítica;;
3.1.91.92.10.00.00.0000;ALÍQUOTA SUPLEMENTAR DE CONTRIBUIÇÃO PREVIDENCIÁRIA - PESSOAL INATIVO E PENSIONISTA DO PLANO PREVIDENCIÁRIO;Analítica;;
3.1.91.92.11.00.00.0000;ALÍQUOTA SUPLEMENTAR DE CONTRIBUIÇÃO PREVIDENCIÁRIA - PESSOAL ATIVO DO PLANO FINANCEIRO;Analítica;;
3.1.91.92.12.00.00.0000;ALÍQUOTA SUPLEMENTAR DE CONTRIBUIÇÃO PREVIDENCIÁRIA - PESSOAL INATIVO E PENSIONISTA DO PLANO FINANCEIRO;Analítica;;
3.1.91.92.13.00.00.0000;MULTAS;Analítica;;
3.1.91.92.17.00.00.0000;JUROS;Analítica;;
3.1.91.92.26.00.00.0000;RESSARCIMENTO DE DESPESAS DE PESSOAL REQUISITADO;Analítica;;
3.1.91.92.51.00.00.0000;INDENIZACOES TRABALHISTAS - OBRIG PATRONAIS;Analítica;;
3.1.91.92.91.00.00.0000;SENTENÇAS JUDICIAIS;Analítica;;
3.1.91.92.98.00.00.0000;INDENIZAÇÕES POR DEMISSÃO E COM PROGRAMAS DE INCENTIVOS À DEMISSÃO VOLUNTÁRIA - TRAB. ATIVO CIVIL;Analítica;;
3.1.91.92.99.00.00.0000;OUTRAS DESPESAS DE EXERCÍCIOS ANTERIORES;Sintética;;
3.1.91.92.99.01.00.0000;AMORTIZAÇÃO DE DÉBITOS PREVIDENCIÁRIOS;Analítica;;
3.1.91.92.99.03.00.0000;AMORTIZAÇÃO DE DÉBITOS COM O FUNDO/INDIRETA DE SAÚDE DO SERVIDOR PÚBLICO MUNICIPAL;Analítica;;
3.1.91.92.99.99.00.0000;DEMAIS DESPESAS DE EXERCÍCIOS ANTERIORES;Analítica;;
3.1.91.94.00.00.00.0000;INDENIZAÇÕES E RESTITUIÇÕES TRABALHISTAS  ;Sintética;;
3.1.91.94.01.00.00.0000;INDENIZAÇÕES TRABALHISTAS - ATIVO CIVIL;Analítica;;
3.1.91.94.51.00.00.0000;INDENIZACOES TRABALHISTAS - OBRIG. PATRONAIS;Analítica;;
3.1.91.94.98.00.00.0000;INDENIZAÇÕES POR DEMISSÃO E COM PROGRAMAS DE INCENTIVOS À DEMISSÃO VOLUNTÁRIA - TRAB. ATIVO CIVIL;Analítica;;
3.1.91.94.99.00.00.0000;OUTRAS INDENIZAÇÕES E RESTITUIÇÕES TRABALHISTAS ;Analítica;;
3.1.91.96.00.00.00.0000;RESSARCIMENTO DE DESPESAS DE PESSOAL REQUISITADO ;Sintética;;
3.1.91.96.01.00.00.0000;PESSOAL REQUISITADO DE OUTROS ÓRGÃOS;Analítica;;
3.1.91.96.99.00.00.0000;OUTRAS DESPESAS COM PESSOAL;Analítica;;
3.1.92.00.00.00.00.0000;APLICAÇÃO DIRETA DE RECURSOS  RECEBIDOS DE OUTROS ENTES  ;Sintética;;
3.1.93.00.00.00.00.0000;APLICAÇÃO DIRETA DECORRENTE DE OPERAÇÃO DE ÓRGÃOS, FUNDOS E ENTIDADES INTEGRANTES DOS ORÇAMENTOS FISCAL E DA SEGURIDADE SOCIAL COM CONSÓRCIO PÚBLICO DO QUAL O ENTE PARTICIPE ;Sintética;;
3.1.94.00.00.00.00.0000;APLICAÇÃO DIRETA DECORRENTE DE OPERAÇÃO DE ÓRGÃOS, FUNDOS E ENTIDADES INTEGRANTES DOS ORÇAMENTOS FISCAL E DA SEGURIDADE SOCIAL COM CONSÓRCIO PÚBLICO DO QUAL O ENTE NÃO PARTICIPE ;Sintética;;
3.1.95.00.00.00.00.0000;APLICAÇÃO DIRETA À CONTA DE RECURSOS DE QUE TRATAM OS §§ 1º  E 2º  DO ART. 24 DA LEI COMPLEMENTAR Nº 141, DE 2012;Sintética;;
3.1.95.04.00.00.00.0000;CONTRATAÇÃO POR TEMPO DETERMINADO ;Analítica;;
3.1.95.07.00.00.00.0000;CONTRIBUIÇÕES A ENTIDADES FECHADAS DE PREVIDÊNCIA ;Analítica;;
3.1.95.11.00.00.00.0000;VENCIMENTOS E VANTAGENS FIXAS – PESSOAL CIVIL ;Analítica;;
3.1.95.13.00.00.00.0000;OBRIGAÇÕES PATRONAIS ;Analítica;;
3.1.95.16.00.00.00.0000;OUTRAS DESPESAS VARIÁVEIS - PESSOAL CIVIL ;Analítica;;
3.1.95.67.00.00.00.0000;DEPÓSITOS COMPULSÓRIOS ;Analítica;;
3.1.95.91.00.00.00.0000;SENTENÇAS JUDICIAIS  ;Analítica;;
3.1.95.92.00.00.00.0000;DESPESAS DE EXERCÍCIOS ANTERIORES ;Analítica;;
3.1.95.94.00.00.00.0000;INDENIZAÇÕES E RESTITUIÇÕES TRABALHISTAS ;Analítica;;
3.1.95.96.00.00.00.0000;RESSARCIMENTO DE DESPESAS DE PESSOAL REQUISITADO;Analítica;;
3.1.95.99.00.00.00.0000;OUTRAS DESPESAS COM PESSOAL;Analítica;;
3.1.96.00.00.00.00.0000;APLICAÇÃO DIRETA À CONTA DE RECURSOS DE QUE TRATA O ART. 25 DA LEI COMPLEMENTAR Nº 141, DE 2012;Sintética;;
3.1.96.04.00.00.00.0000;CONTRATAÇÃO POR TEMPO DETERMINADO ;Analítica;;
3.1.96.07.00.00.00.0000;CONTRIBUIÇÕES A ENTIDADES FECHADAS DE PREVIDÊNCIA;Analítica;;
3.1.96.11.00.00.00.0000;VENCIMENTOS E VANTAGENS FIXAS – PESSOAL CIVIL;Analítica;;
3.1.96.13.00.00.00.0000;OBRIGAÇÕES PATRONAIS;Analítica;;
3.1.96.16.00.00.00.0000;OUTRAS DESPESAS VARIÁVEIS – PESSOAL CIVIL;Analítica;;
3.1.96.67.00.00.00.0000;DEPÓSITOS COMPULSÓRIOS;Analítica;;
3.1.96.91.00.00.00.0000;SENTENÇAS JUDICIAIS ;Analítica;;
3.1.96.92.00.00.00.0000;DESPESAS DE EXERCÍCIOS ANTERIORES ;Analítica;;
3.1.96.94.00.00.00.0000;INDENIZAÇÕES E RESTITUIÇÕES TRABALHISTAS ;Analítica;;
3.1.96.96.00.00.00.0000;RESSARCIMENTO DE DESPESAS DE PESSOAL REQUISITADO;Analítica;;
3.1.96.99.00.00.00.0000;OUTRAS DESPESAS COM PESSOAL;Analítica;;
3.1.99.00.00.00.00.0000;OUTRAS MODALIDADES DE APLICAÇÃO - DESPESA COM PESSOAL;Sintética;;
3.2.00.00.00.00.00.0000;JUROS E ENCARGOS DA DÍVIDA;Sintética;;
3.2.71.00.00.00.00.0000;TRANSFERÊNCIAS A CONSÓRCIOS PÚBLICOS MEDIANTE CONTRATO DE RATEIO ;Sintética;;
3.2.71.70.00.00.00.0000;RATEIO PELA PARTICIPAÇÃO EM CONSÓRCIO PÚBLICO;Sintética;;
3.2.71.70.99.00.00.0000;RATEIO PELA PARTICIPAÇÃO EM CONSÓRCIO PÚBLICO;Analítica;;
3.2.73.00.00.00.00.0000;TRANSFERÊNCIAS A CONSÓRCIOS PÚBLICOS MEDIANTE CONTRATO DE RATEIO À CONTA DE RECURSOS DE QUE TRATAM OS §§ 1º E 2º DO ART. 24 DA LEI COMPLEMENTAR Nº 141, DE 2012.;Sintética;;
3.2.73.70.00.00.00.0000;RATEIO PELA PARTICIPAÇÃO EM CONSÓRCIO PÚBLICO;Sintética;;
3.2.73.70.99.00.00.0000;RATEIO PELA PARTICIPAÇÃO EM CONSÓRCIO PÚBLICO;Analítica;;
3.2.74.00.00.00.00.0000;TRANSFERÊNCIAS A CONSÓRCIOS PÚBLICOS MEDIANTE CONTRATO DE RATEIO À CONTA DE RECURSOS DE QUE TRATA O ART. 25 DA LEI COMPLEMENTAR Nº 141, DE 2012.;Sintética;;
3.2.74.70.00.00.00.0000;RATEIO PELA PARTICIPAÇÃO EM CONSÓRCIO PÚBLICO;Sintética;;
3.2.74.70.99.00.00.0000;RATEIO PELA PARTICIPAÇÃO EM CONSÓRCIO PÚBLICO;Analítica;;
3.2.90.00.00.00.00.0000;APLICAÇÕES DIRETAS;Sintética;;
3.2.90.21.00.00.00.0000;JUROS SOBRE A DÍVIDA POR CONTRATO;Sintética;;
3.2.90.21.01.00.00.0000;JUROS DA DÍVIDA CONTRATADA COM INSTITUIÇÕES FINANCEIRAS ;Analítica;;
3.2.90.21.02.00.00.0000;VARIAÇÃO CAMBIAL JUROS DA DIVIDA CONTRATUAL;Sintética;;
3.2.90.21.03.00.00.0000;JUROS DA DÍVIDA CONTRATADA NO EXTERIOR;Analítica;;
3.2.90.21.04.00.00.0000;JUROS DA DÍVIDA CONTRATADA COM GOVERNOS;Analítica;;
3.2.90.21.99.00.00.0000;OUTROS JUROS DA DÍVIDA CONTRATADA;Analítica;;
3.2.90.22.00.00.00.0000;OUTROS ENCARGOS SOBRE A DÍVIDA POR CONTRATO;Sintética;;
3.2.90.22.01.00.00.0000;ENCARGOS DA DÍVIDA CONTRATADA COM INSTITUIÇÕES FINANCEIRAS;Analítica;;
3.2.90.22.02.00.00.0000;VARIAÇÃO CAMBIAL ENCARGOS DIVIDA CONTRATUAL;Analítica;;
3.2.90.22.04.00.00.0000;ENCARGOS DA DÍVIDA CONTRATADA COM GOVERNOS;Analítica;;
3.2.90.22.99.00.00.0000;DIVERSOS ENCARGOS DA DÍVIDA CONTRATADA;Analítica;;
3.2.90.23.00.00.00.0000;JUROS, DESÁGIOS E DESCONTOS DA DÍVIDA MOBILIÁRIA;Sintética;;
3.2.90.23.01.00.00.0000;JUROS;Analítica;;
3.2.90.23.02.00.00.0000;VARIAÇÃO CAMBIAL DOS JUROS DA DIV.MOBILIÁRIA;Analítica;;
3.2.90.23.03.00.00.0000;DESCONTOS;Analítica;;
3.2.90.23.04.00.00.0000;DESÁGIOS;Analítica;;
3.2.90.23.99.00.00.0000;OUTROS JUROS, DESÁGIOS E DESCONTOS DA DÍVIDA MOBILIÁRIA;Analítica;;
3.2.90.24.00.00.00.0000;OUTROS ENCARGOS SOBRE A DÍVIDA MOBILIÁRIA;Sintética;;
3.2.90.24.01.00.00.0000;ENCARGOS;Analítica;;
3.2.90.24.99.00.00.0000;DIVERSOS ENCARGOS;Analítica;;
3.2.90.25.00.00.00.0000;ENCARGOS SOBRE OPERAÇÕES DE CRÉDITO POR ANTECIPAÇÃO DA RECEITA;Sintética;;
3.2.90.25.01.00.00.0000;ENCARGOS SOBRE ADIANTAMENTOS BANCÁRIOS;Analítica;;
3.2.90.25.99.00.00.0000;DIVERSOS ENCARGOS;Analítica;;
3.2.90.26.00.00.00.0000;OBRIGAÇÕES DECORRENTES DE POLÍTICA MONETÁRIA;Sintética;;
3.2.90.91.00.00.00.0000;SENTENÇAS JUDICIAIS;Sintética;;
3.2.90.91.99.00.00.0000;DIVERSAS SENTENÇAS;Analítica;;
3.2.90.92.00.00.00.0000;DESPESAS DE EXERCÍCIOS ANTERIORES;Sintética;;
3.2.90.92.01.00.00.0000;JUROS DA DÍVIDA INTERNA;Analítica;;
3.2.90.92.02.00.00.0000;ENCARGOS DA DÍVIDA INTERNA;Analítica;;
3.2.90.92.04.00.00.0000;ENCARGOS DA DÍVIDA EXTERNA;Analítica;;
3.2.90.92.99.00.00.0000;DIVERSOS JUROS E ENCARGOS DA DÍVIDA INTERNA;Analítica;;
3.2.90.93.00.00.00.0000;INDENIZAÇÕES E RESTITUIÇÕES;Sintética;;
3.2.90.93.99.00.00.0000;OUTRAS INDENIZAÇÕES E RESTITUIÇÕES;Analítica;;
3.2.95.00.00.00.00.0000;APLICAÇÃO DIRETA À CONTA DE RECURSOS DE QUE TRATAM OS §§ 1º E 2º DO ART. 24 DA LEI COMPLEMENTAR Nº 141, DE 2012;Sintética;;
3.2.95.21.00.00.00.0000;JUROS SOBRE A DÍVIDA POR CONTRATO;Analítica;;
3.2.95.22.00.00.00.0000;OUTROS ENCARGOS SOBRE A DÍVIDA POR CONTRATO;Analítica;;
3.2.95.92.00.00.00.0000;DESPESAS DE EXERCÍCIOS ANTERIORES;Analítica;;
3.2.96.00.00.00.00.0000;APLICAÇÃO DIRETA À CONTA DE RECURSOS DE QUE TRATA O ART. 25 DA LEI COMPLEMENTAR Nº 141, DE 2012;Sintética;;
3.2.96.21.00.00.00.0000;JUROS SOBRE A DÍVIDA POR CONTRATO;Sintética;;
3.2.96.21.01.00.00.0000;JUROS SOBRE A DÍVIDA POR CONTRATO;Analítica;;
3.2.96.22.00.00.00.0000;OUTROS ENCARGOS SOBRE A DÍVIDA POR CONTRATO;Sintética;;
3.2.96.22.01.00.00.0000;OUTROS ENCARGOS SOBRE A DÍVIDA POR CONTRATO;Analítica;;
3.2.96.92.00.00.00.0000;DESPESAS DE EXERCÍCIOS ANTERIORES;Analítica;;
3.3.00.00.00.00.00.0000;OUTRAS DESPESAS CORRENTES;Sintética;;
3.3.20.00.00.00.00.0000;TRANSFERÊNCIAS A UNIÃO;Sintética;;
3.3.20.41.00.00.00.0000;CONTRIBUIÇÕES;Sintética;;
3.3.20.41.99.00.00.0000;OUTRAS CONTRIBUIÇÕES;Sintética;;
3.3.20.41.99.01.00.0000;TRANSFERÊNCIAS FUNSET-FUNDO NACIONAL DE SEGURANÇA E EDUCAÇÃO DE TRÂNSITO (LF Nº 9.503/97);Analítica;;
3.3.20.41.99.02.00.0000;TRANSFERÊNCIA VALORES A JUSTIÇA ELEITORAL;Analítica;;
3.3.22.00.00.00.00.0000;EXECUÇÃO ORÇAMENTÁRIA DELEGADA À UNIÃO;Sintética;;
3.3.22.14.00.00.00.0000;DIÁRIAS - CIVIL;Analítica;;
3.3.22.30.00.00.00.0000;MATERIAL DE CONSUMO;Analítica;;
3.3.22.35.00.00.00.0000;SERVIÇOS DE CONSULTORIA;Analítica;;
3.3.22.36.00.00.00.0000;OUTROS SERVIÇOS DE TERCEIROS - PESSOA FÍSICA;Analítica;;
3.3.22.39.00.00.00.0000;OUTROS SERVIÇOS DE TERCEIROS - PESSOA JURÍDICA;Analítica;;
3.3.30.00.00.00.00.0000;TRANSFERÊNCIAS A ESTADOS E AO DISTRITO FEDERAL;Sintética;;
3.3.30.41.00.00.00.0000;CONTRIBUIÇÕES;Sintética;;
3.3.30.41.48.00.00.0000;A MUNICÍPIOS DO ESTADO DO TOCANTINS;Sintética;;
3.3.30.41.48.01.00.0000;COMPENSAÇÃO FINANCEIRA (§9° ART.201 DA CF);Analítica;;
3.3.30.41.99.00.00.0000;OUTRAS CONTRIBUIÇÕES;Analítica;;
3.3.30.81.00.00.00.0000;DISTRIBUIÇÃO CONSTITUCIONAL OU LEGAL DE RECEITAS;Analítica;;
3.3.30.93.00.00.00.0000;INDENIZAÇÕES E RESTITUIÇÕES;Analítica;;
3.3.31.00.00.00.00.0000;TRANSFERÊNCIAS A ESTADOS E AO DISTRITO FEDERAL - FUNDO A FUNDO;Sintética;;
3.3.31.41.00.00.00.0000;CONTRIBUIÇÕES ;Analítica;;
3.3.31.92.00.00.00.0000;DESPESAS DE EXERCÍCIOS ANTERIORES ;Analítica;;
3.3.32.00.00.00.00.0000;EXECUÇÃO ORÇAMENTÁRIA DELEGADA A ESTADOS E AO DISTRITO FEDERAL;Sintética;;
3.3.32.14.00.00.00.0000;DIÁRIAS - CIVIL;Analítica;;
3.3.32.18.00.00.00.0000;AUXÍLIO FINANCEIRO A ESTUDANTES;Analítica;;
3.3.32.20.00.00.00.0000;AUXÍLIO FINANCEIRO A PESQUISADORES;Analítica;;
3.3.32.30.00.00.00.0000;MATERIAL DE CONSUMO;Analítica;;
3.3.32.32.00.00.00.0000;MATERIAL, BEM OU SERVIÇO PARA DISTRIBUIÇÃO GRATUITA ;Analítica;;
3.3.32.33.00.00.00.0000;PASSAGENS E DESPESAS COM LOCOMOÇÃO;Analítica;;
3.3.32.35.00.00.00.0000;SERVIÇOS DE CONSULTORIA ;Analítica;;
3.3.32.36.00.00.00.0000;OUTROS SERVIÇOS DE TERCEIROS - PESSOA FÍSICA;Analítica;;
3.3.32.39.00.00.00.0000;OUTROS SERVIÇOS DE TERCEIROS - PESSOA JURÍDICA ;Analítica;;
3.3.32.47.00.00.00.0000;OBRIGAÇÕES TRIBUTÁRIAS E CONTRIBUTIVAS;Analítica;;
3.3.32.92.00.00.00.0000;DESPESAS DE EXERCÍCIOS ANTERIORES ;Analítica;;
3.3.32.93.00.00.00.0000;INDENIZAÇÕES E RESTITUIÇÕES ;Analítica;;
3.3.35.00.00.00.00.0000;TRANSFERÊNCIAS FUNDO A FUNDO AOS ESTADOS E AO DISTRITO FEDERAL À CONTA DE RECURSOS DE QUE TRATAM OS §§ 1° E 2° DO ART. 24 DA LEI COMPLEMENTAR N° 141, DE 2012;Sintética;;
3.3.35.41.00.00.00.0000;CONTRIBUIÇÕES;Analítica;;
3.3.35.92.00.00.00.0000;DESPESAS DE EXERCÍCIOS ANTERIORES;Analítica;;
3.3.36.00.00.00.00.0000;TRANSFERÊNCIAS FUNDO A FUNDO AOS ESTADOS E AO DISTRITO FEDERAL À CONTA DE RECURSOS DE QUE TRATA O ART. 25 DA LEI COMPLEMENTAR N° 141, DE 2012;Sintética;;
3.3.36.41.00.00.00.0000;CONTRIBUIÇÕES;Analítica;;
3.3.36.92.00.00.00.0000;DESPESAS DE EXERCÍCIOS ANTERIORES;Analítica;;
3.3.40.00.00.00.00.0000;TRANSFERÊNCIAS A MUNICÍPIOS;Sintética;;
3.3.40.41.00.00.00.0000;CONTRIBUIÇÕES;Sintética;;
3.3.40.41.48.00.00.0000;A MUNICÍPIOS DO ESTADO DO TOCANTINS;Sintética;;
3.3.40.41.48.01.00.0000;COMPENSAÇÃO FINANCEIRA (§9° ART.201 DA CF);Analítica;;
3.3.40.41.48.02.00.0000;CONTRIBUIÇÕES A ESCOLAS MUNICIPAIS;Analítica;;
3.3.40.41.48.03.00.0000;CONTRIBUIÇÕES MUNÍCIPIO POLO DA CONTRAPARTIDA CONVÊNIO C/UNIÃO;Analítica;;
3.3.40.41.48.04.00.0000;TRANSFERÊNCIA A MUNICÍPIO EMANCIPADO PARA ACERTO DE CONTAS;Analítica;;
3.3.40.41.99.00.00.0000;OUTRAS CONTRIBUIÇÕES;Analítica;;
3.3.40.81.00.00.00.0000;DISTRIBUIÇÃO CONSTITUCIONAL OU LEGAL DE RECEITAS;Sintética;;
3.3.40.91.00.00.00.0000;SENTENÇAS JUDICIAIS;Sintética;;
3.3.40.93.00.00.00.0000;INDENIZAÇÕES E RESTITUIÇÕES ;Sintética;;
3.3.41.00.00.00.00.0000;TRANSFERÊNCIAS A MUNICÍPIOS - FUNDO A FUNDO;Sintética;;
3.3.41.41.00.00.00.0000;CONTRIBUIÇÕES;Analítica;;
3.3.41.92.00.00.00.0000;DESPESAS DE EXERCÍCIOS ANTERIORES ;Analítica;;
3.3.42.00.00.00.00.0000;EXECUÇÃO ORÇAMENTÁRIA DELEGADA A MUNICÍPIOS;Sintética;;
3.3.42.14.00.00.00.0000;DIÁRIAS - CIVIL;Sintética;;
3.3.42.14.99.00.00.0000;OUTRAS DIÁRIAS;Analítica;;
3.3.42.18.00.00.00.0000;AUXÍLIO FINANCEIRO A ESTUDANTES;Sintética;;
3.3.42.18.99.00.00.0000;OUTROS AUXÍLIOS FINANCEIROS A ESTUDANTES;Analítica;;
3.3.42.30.00.00.00.0000;MATERIAL DE CONSUMO;Sintética;;
3.3.42.30.99.00.00.0000;OUTROS MATERIAIS DE CONSUMO;Analítica;;
3.3.42.32.00.00.00.0000;MATERIAL, BEM OU SERVIÇO PARA DISTRIBUIÇÃO GRATUITA;Sintética;;
3.3.42.33.00.00.00.0000;PASSAGENS E DESPESAS COM LOCOMOÇÃO;Sintética;;
3.3.42.33.99.00.00.0000;OUTRAS DESPESAS COM LOCOMOÇÃO;Analítica;;
3.3.42.35.00.00.00.0000;SERVIÇOS DE CONSULTORIA;Sintética;;
3.3.42.35.99.00.00.0000;OUTROS SERVIÇOS DE CONSULTORIA;Analítica;;
3.3.42.36.00.00.00.0000;OUTROS SERVIÇOS DE TERCEIROS - PESSOA FÍSICA;Sintética;;
3.3.42.36.99.00.00.0000;OUTROS SERVIÇOS DE TERCEIROS - PESSOA FÍSICA;Analítica;;
3.3.42.39.00.00.00.0000;OUTROS SERVIÇOS DE TERCEIROS - PESSOA JURÍDICA;Sintética;;
3.3.42.39.99.00.00.0000;OUTROS SERVIÇOS DE TERCEIROS - PESSOA JURÍDICA;Analítica;;
3.3.42.47.00.00.00.0000;OBRIGAÇÕES TRIBUTÁRIAS E CONTRIBUTIVAS;Sintética;;
3.3.42.47.99.00.00.0000;OUTRAS OBRIGAÇÕES TRIBUTÁRIAS E CONTRIBUTIVAS;Analítica;;
3.3.42.92.00.00.00.0000;DESPESAS DE EXERCÍCIOS ANTERIORES;Sintética;;
3.3.42.92.99.00.00.0000;OUTRAS DESPESAS DE EXERCÍCIOS ANTERIORES;Analítica;;
3.3.42.93.00.00.00.0000;INDENIZAÇÕES E RESTITUIÇÕES;Sintética;;
3.3.42.93.99.00.00.0000;OUTRAS INDENIZAÇÕES E RESTITUIÇÕES;Analítica;;
3.3.45.00.00.00.00.0000;TRANSFERÊNCIAS FUNDO A FUNDO AOS MUNICÍPIOS À CONTA DE RECURSOS DE QUE TRATAM OS §§ 1° E 2° DO ART. 24 DA LEI COMPLEMENTAR N° 141, DE 2012;Sintética;;
3.3.45.41.00.00.00.0000;CONTRIBUIÇÕES;Analítica;;
3.3.45.91.00.00.00.0000;SENTENÇAS JUDICIAIS;Analítica;;
3.3.45.92.00.00.00.0000;DESPESAS DE EXERCÍCIOS ANTERIORES;Analítica;;
3.3.46.00.00.00.00.0000;TRANSFERÊNCIAS FUNDO A FUNDO AOS MUNICÍPIOS À CONTA DE RECURSOS DE QUE TRATA O ART. 25 DA LEI COMPLEMENTAR N° 141, DE 2012;Sintética;;
3.3.46.41.00.00.00.0000;CONTRIBUIÇÕES;Analítica;;
3.3.46.91.00.00.00.0000;SENTEÇAS JUDICIAIS ;Analítica;;
3.3.46.92.00.00.00.0000;DESPESAS DE EXERCÍCIOS ANTERIORES;Analítica;;
3.3.50.00.00.00.00.0000;TRANSFERÊNCIAS A INSTITUIÇÕES PRIVADAS SEM FINS LUCRATIVOS;Sintética;;
3.3.50.14.00.00.00.0000;DIÁRIAS - CIVIL;Analítica;;
3.3.50.18.00.00.00.0000;AUXÍLIO FINANCEIRO A ESTUDANTES;Analítica;;
3.3.50.20.00.00.00.0000;AUXÍLIO FINANCEIRO A PESQUISADORES;Analítica;;
3.3.50.30.00.00.00.0000;MATERIAL DE CONSUMO;Analítica;;
3.3.50.31.00.00.00.0000;PREMIAÇÕES CULTURAIS, ARTÍSTICAS, CIENTÍFICAS, DESPORTIVAS E OUTRAS;Analítica;;
3.3.50.33.00.00.00.0000;PASSAGENS E DESPESAS COM LOCOMOÇÃO;Analítica;;
3.3.50.35.00.00.00.0000;SERVIÇOS DE CONSULTORIA ;Analítica;;
3.3.50.36.00.00.00.0000;OUTROS SERVIÇOS DE TERCEIROS - PESSOA FÍSICA;Analítica;;
3.3.50.39.00.00.00.0000;OUTROS SERVIÇOS DE TERCEIROS - PESSOA JURÍDICA;Sintética;;
3.3.50.39.01.00.00.0000;INSTITUIÇÕES DE CARÁTER ASSISTENCIAL, CULTURAL E EDUCACIONAL;Analítica;;
3.3.50.39.51.00.00.0000;SERVIÇOS MÉDICO-HOSPITALAR PRESTADOS EM UNIDADES HOSPITALARES;Analítica;;
3.3.50.39.52.00.00.0000;SERVIÇOS MÉDICO-HOSPITALAR PRESTADOS EM UNIDADES AMBULATORIAIS;Analítica;;
3.3.50.39.53.00.00.0000;SERVIÇOS MÉDICO-HOSPITALAR PRESTADOS NA ATENÇÃO BÁSICA;Analítica;;
3.3.50.39.54.00.00.0000;SERVIÇOS ODONTOLÓGICOS;Analítica;;
3.3.50.39.55.00.00.0000;SERVIÇOS LABORATORIAIS;Analítica;;
3.3.50.39.56.00.00.0000;OUTROS SERVIÇOS DE ASSISTÊNCIA A SAÚDE;Analítica;;
3.3.50.39.99.00.00.0000;DEMAIS SERVIÇOS DE TERCEIROS - PESSOA JURÍDICA;Analítica;;
3.3.50.41.00.00.00.0000;CONTRIBUIÇÕES;Sintética;;
3.3.50.41.01.00.00.0000;INSTITUIÇÕES DE CARÁTER ASSISTENCIAL, CULTURAL E EDUCACIONAL;Sintética;;
3.3.50.41.01.01.00.0000;PROGRAMA DINHEIRO DIRETO NAS ESCOLAS - PDDE;Analítica;;
3.3.50.41.03.00.00.0000;INSTITUIÇÕES DE PESQUISA E DESENVOLVIMENTO TECNOLÓGICO;Analítica;;
3.3.50.41.08.00.00.0000;ENTIDADES REPRESENTATIVAS DE CLASSE;Analítica;;
3.3.50.41.50.00.00.0000;INSTITUIÇÕES DE CARÁTER ESPORTIVO;Analítica;;
3.3.50.41.99.00.00.0000;OUTRAS INSTITUIÇÕES PRIVADAS;Analítica;;
3.3.50.43.00.00.00.0000;SUBVENÇÕES SOCIAIS;Sintética;;
3.3.50.43.05.00.00.0000;INSTITUIÇÃO DE CARÁTER ASSISTENCIAL EM SAÚDE;Sintética;;
3.3.50.43.06.00.00.0000;INSTITUIÇÃO DE CARÁTER DE ASSISTÊNCIA SOCIAL;Sintética;;
3.3.50.43.07.00.00.0000;INSTITUIÇÃO DE CARÁTER CULTURAL;Sintética;;
3.3.50.43.08.00.00.0000;INSTITUIÇÃO DE CARÁTER EDUCACIONAL;Sintética;;
3.3.50.43.99.00.00.0000;OUTRAS INSTITUIÇÕES PRIVADAS;Analítica;;
3.3.50.47.00.00.00.0000;OBRIGAÇÕES TRIBUTÁRIAS E CONTRIBUTIVAS;Sintética;;
3.3.50.85.00.00.00.0000;CONTRATO DE GESTÃO;Sintética;;
3.3.50.92.00.00.00.0000;DESPESAS DE EXERCÍCIOS ANTERIORES;Sintética;;
3.3.50.92.99.00.00.0000;OUTRAS DESPESAS DE EXERCÍCIOS ANTERIORES;Analítica;;
3.3.60.00.00.00.00.0000;TRANSFERÊNCIAS A INSTITUIÇÕES PRIVADAS COM FINS LUCRATIVOS;Sintética;;
3.3.60.45.00.00.00.0000;SUBVENÇÕES ECONÔMICAS;Sintética;;
3.3.60.45.01.00.00.0000;AJUDA FINANCEIRA A ENTIDADES PRIVADAS COM FINS LUCRATIVOS;Analítica;;
3.3.60.92.00.00.00.0000;DESPESAS DE EXERCÍCIOS ANTERIORES;Analítica;;
3.3.70.00.00.00.00.0000;TRANSFERÊNCIAS A INSTITUIÇÕES MULTIGOVERNAMENTAIS;Sintética;;
3.3.70.41.00.00.00.0000;CONTRIBUIÇÕES;Sintética;;
3.3.70.41.99.00.00.0000;OUTRAS CONTRIBUIÇÕES;Analítica;;
3.3.71.00.00.00.00.0000;TRANSFERÊNCIAS A CONSÓRCIOS PÚBLICOS MEDIANTE CONTRATO DE RATEIO;Sintética;;
3.3.71.70.00.00.00.0000;RATEIO PELA PARTICIPAÇÃO EM CONSÓRCIO PÚBLICO;Sintética;;
3.3.71.70.99.00.00.0000;RATEIO PELA PARTICIPAÇÃO EM CONSÓRCIO PÚBLICO;Analítica;;
3.3.72.00.00.00.00.0000;EXECUÇÃO ORÇAMENTÁRIA DELEGADA A CONSÓRCIOS PÚBLICOS;Sintética;;
3.3.73.00.00.00.00.0000;TRANSFERÊNCIAS A CONSÓRCIOS PÚBLICOS MEDIANTE CONTRATO DE RATEIO À CONTA DE RECURSOS DE QUE TRATAM OS §§ 1º E 2º DO ART. 24 DA LEI COMPLEMENTAR Nº 141, DE 2012.;Sintética;;
3.3.73.70.00.00.00.0000;RATEIO PELA PARTICIPAÇÃO EM CONSÓRCIO PÚBLICO;Sintética;;
3.3.73.70.99.00.00.0000;RATEIO PELA PARTICIPAÇÃO EM CONSÓRCIO PÚBLICO;Analítica;;
3.3.74.00.00.00.00.0000;TRANSFERÊNCIAS A CONSÓRCIOS PÚBLICOS MEDIANTE CONTRATO DE RATEIO À CONTA DE RECURSOS DE QUE TRATA O ART. 25 DA LEI COMPLEMENTAR Nº 141, DE 2012.;Sintética;;
3.3.74.70.00.00.00.0000;RATEIO PELA PARTICIPAÇÃO EM CONSÓRCIO PÚBLICO;Sintética;;
3.3.74.70.99.00.00.0000;RATEIO PELA PARTICIPAÇÃO EM CONSÓRCIO PÚBLICO;Analítica;;
3.3.75.00.00.00.00.0000;TRANSFERÊNCIAS A INSTITUIÇÕES MULTIGOVERNAMENTAIS À CONTA DE RECURSOS DE QUE TRATAM OS §§1° E 2° DO ART. 24 DA LEI COMPLEMENTAR N° 141, DE 2012;Sintética;;
3.3.75.41.00.00.00.0000;CONTRIBUIÇÕES;Analítica;;
3.3.76.00.00.00.00.0000;TRANSFERÊNCIAS A INSTITUIÇÕES MULTIGOVERNAMENTAIS À CONTA DE RECURSOS DE QUE TRATA O ART. 25 DA LEI COMPLEMENTAR N° 141, DE 2012;Sintética;;
3.3.76.41.00.00.00.0000;CONTRIBUIÇÕES;Analítica;;
3.3.80.00.00.00.00.0000;TRANSFERÊNCIAS AO EXTERIOR ;Sintética;;
3.3.80.04.00.00.00.0000;CONTRATAÇÃO POR TEMPO DETERMINADO;Analítica;;
3.3.80.14.00.00.00.0000;DIÁRIAS - CIVIL;Analítica;;
3.3.80.30.00.00.00.0000;MATERIAL DE CONSUMO;Analítica;;
3.3.80.33.00.00.00.0000;PASSAGENS E DESPESAS COM LOCOMOÇÃO;Analítica;;
3.3.80.34.00.00.00.0000;OUTRAS DESPESAS DE PESSOAL DECORRENTES DE CONTRATOS DE TERCEIRIZAÇÃO;Analítica;;
3.3.80.35.00.00.00.0000;SERVIÇOS DE CONSULTORIA;Analítica;;
3.3.80.36.00.00.00.0000;OUTROS SERVIÇOS DE TERCEIROS - PESSOA FÍSICA;Analítica;;
3.3.80.37.00.00.00.0000;LOCOMOÇÃO DE MÃO DE OBRA;Analítica;;
3.3.80.39.00.00.00.0000;OUTROS SERVIÇOS DE TERCEIROS - PESSOA JURÍDICA;Analítica;;
3.3.80.41.00.00.00.0000;CONTRIBUIÇÕES;Analítica;;
3.3.80.92.00.00.00.0000;DESPESAS DE EXERCÍCIOS ANTERIORES;Analítica;;
3.3.90.00.00.00.00.0000;APLICAÇÕES DIRETAS;Sintética;;
3.3.90.04.00.00.00.0000;CONTRATAÇÃO POR TEMPO DETERMINADO ;Sintética;;
3.3.90.04.15.00.00.0000;OBRIGAÇÕES PATRONAIS;Analítica;;
3.3.90.04.99.00.00.0000;OUTRAS CONTRATAÇÕES POR TEMPO DETERMINADO;Analítica;;
3.3.90.06.00.00.00.0000;BENEFÍCIO MENSAL AO DEFICIENTE E AO IDOSO;Sintética;;
3.3.90.08.00.00.00.0000;OUTROS BENEFÍCIOS ASSISTENCIAIS DO SERVIDOR E DO MILITAR;Sintética;;
3.3.90.08.01.00.00.0000;AUXÍLIO-FUNERAL;Analítica;;
3.3.90.08.05.00.00.0000;AUXÍLIO-NATALIDADE;Analítica;;
3.3.90.08.09.00.00.0000;AUXÍILIO-CRECHE;Analítica;;
3.3.90.08.11.00.00.0000;AUXILIO-SAUDE;Sintética;;
3.3.90.08.13.00.00.0000;AUXILIO-FAMILIAR - NO EXTERIOR;Sintética;;
3.3.90.08.14.00.00.0000;AUXILIO DEFICIENTE;Sintética;;
3.3.90.08.15.00.00.0000;AUXILIO ESCOLA;Sintética;;
3.3.90.08.46.00.00.0000;AUXILIO ODONTOLOGICO ;Sintética;;
3.3.90.08.47.00.00.0000;AUXILIO OFTALMOLOGICO;Sintética;;
3.3.90.08.48.00.00.0000;AUXILIO MEDICAMENTO;Sintética;;
3.3.90.08.51.00.00.0000;AUXÍLIO-DOENÇA;Analítica;;
3.3.90.08.53.00.00.0000;AUXÍLIO-RECLUSÃO;Analítica;;
3.3.90.08.56.00.00.0000;SALÁRIO FAMÍLIA;Analítica;;
3.3.90.08.99.00.00.0000;OUTROS BENEFÍCIOS ASSISTENCIAIS;Sintética;;
3.3.90.08.99.01.00.0000;ASSISTÊNCIA PRÉ-ESCOLAR;Analítica;;
3.3.90.08.99.99.00.0000;OUTROS BENEFÍCIOS ASSISTENCIAIS;Sintética;;
3.3.90.10.00.00.00.0000;SEGURO DESEMPREGO E ABONO SALARIAL;Sintética;;
3.3.90.14.00.00.00.0000;DIÁRIAS - CIVIL;Sintética;;
3.3.90.14.14.00.00.0000;DIÁRIAS NO PAIS;Analítica;;
3.3.90.14.16.00.00.0000;DIÁRIAS NO EXTERIOR;Analítica;;
3.3.90.14.99.00.00.0000;OUTRAS DIÁRIAS;Analítica;;
3.3.90.15.00.00.00.0000;DIÁRIAS - MILITAR;Sintética;;
3.3.90.18.00.00.00.0000;AUXÍLIO FINANCEIRO A ESTUDANTES;Sintética;;
3.3.90.18.01.00.00.0000;BOLSAS DE ESTUDO NO PAÍS;Analítica;;
3.3.90.18.02.00.00.0000;BOLSAS DE ESTUDO NO EXTERIOR;Analítica;;
3.3.90.18.03.00.00.0000;BOLSA ESCOLA - BENEFÍCIO;Analítica;;
3.3.90.18.99.00.00.0000;OUTROS AUXÍLIOS FINANCEIROS A ESTUDANTES;Analítica;;
3.3.90.19.00.00.00.0000;AUXÍLIO-FARDAMENTO;Sintética;;
3.3.90.20.00.00.00.0000;AUXÍLIO FINANCEIRO A PESQUISADORES;Sintética;;
3.3.90.20.01.00.00.0000;AUXÍLIO A PESQUISADORES;Analítica;;
3.3.90.27.00.00.00.0000;ENCARGOS PELA HONRA DE AVAIS, GARANTIAS, SEGUROS E SIMILARES;Sintética;;
3.3.90.28.00.00.00.0000;REMUNERAÇÃO DE COTAS DE FUNDOS AUTÁRQUICOS ;Sintética;;
3.3.90.29.00.00.00.0000;DISTRIBUIÇÃO DE RESULTADO DE EMPRESAS ESTATAIS  DEPENDENTES;Sintética;;
3.3.90.30.00.00.00.0000;MATERIAL DE CONSUMO;Sintética;;
3.3.90.30.01.00.00.0000;COMBUSTÍVEIS E LUBRIFICANTES AUTOMOTIVOS;Sintética;;
3.3.90.30.01.01.00.0000;GASOLINA;Analítica;;
3.3.90.30.01.02.00.0000;DIESEL;Analítica;;
3.3.90.30.01.03.00.0000;ETANOL;Analítica;;
3.3.90.30.01.99.00.0000;OUTROS;Analítica;;
3.3.90.30.02.00.00.0000;COMBUSTÍVEIS E LUBRIFICANTES DE AVIAÇÃO;Analítica;;
3.3.90.30.03.00.00.0000;COMBUSTÍVEIS E LUBRIFICANTES PARA OUTRAS FINALIDADES;Analítica;;
3.3.90.30.04.00.00.0000;GÁS E OUTROS MATERIAIS ENGARRAFADOS;Analítica;;
3.3.90.30.05.00.00.0000;EXPLOSIVOS E MUNIÇÕES;Analítica;;
3.3.90.30.06.00.00.0000;ALIMENTOS PARA ANIMAIS;Analítica;;
3.3.90.30.07.00.00.0000;GÊNEROS DE ALIMENTAÇÃO;Analítica;;
3.3.90.30.08.00.00.0000;ANIMAIS PARA PESQUISA E ABATE;Analítica;;
3.3.90.30.09.00.00.0000;MATERIAL FARMACOLÓGICO;Analítica;;
3.3.90.30.10.00.00.0000;MATERIAL ODONTOLÓGICO;Analítica;;
3.3.90.30.11.00.00.0000;MATERIAL QUÍMICO;Analítica;;
3.3.90.30.12.00.00.0000;MATERIAL DE COUDELARIA OU DE USO ZOOTÉCNICO;Analítica;;
3.3.90.30.13.00.00.0000;MATERIAL DE CAÇA E PESCA;Analítica;;
3.3.90.30.14.00.00.0000;MATERIAL EDUCATIVO E ESPORTIVO;Analítica;;
3.3.90.30.15.00.00.0000;MATERIAL PARA FESTIVIDADES E HOMENAGENS;Analítica;;
3.3.90.30.16.00.00.0000;MATERIAL DE EXPEDIENTE;Analítica;;
3.3.90.30.17.00.00.0000;MATERIAL DE TIC (CONSUMO);Analítica;;
3.3.90.30.18.00.00.0000;MATERIAIS E MEDICAMENTOS PARA USO VETERINÁRIO;Analítica;;
3.3.90.30.19.00.00.0000;MATERIAL DE ACONDICIONAMENTO E EMBALAGEM;Analítica;;
3.3.90.30.20.00.00.0000;MATERIAL DE CAMA, MESA E BANHO;Analítica;;
3.3.90.30.21.00.00.0000;MATERIAL DE LIMPEZA E PRODUTOS  DE HIGIENIZAÇÃO;Analítica;;
3.3.90.30.23.00.00.0000;UNIFORMES, TECIDOS E AVIAMENTOS;Analítica;;
3.3.90.30.24.00.00.0000;MATERIAL PARA  MANUTENÇÃO DE BENS IMÓVEIS/INSTALAÇÕES;Analítica;;
3.3.90.30.25.00.00.0000;MATERIAL PARA  MANUTENÇÃO DE BENS MÓVEIS;Analítica;;
3.3.90.30.26.00.00.0000;MATERIAL ELÉTRICO E ELETRÔNICO;Analítica;;
3.3.90.30.27.00.00.0000;MATERIAL DE MANOBRA E PATRULHAMENTO;Analítica;;
3.3.90.30.28.00.00.0000;MATERIAL DE PROTEÇÃO E SEGURANÇA;Analítica;;
3.3.90.30.29.00.00.0000;MATERIAL PARA ÁUDIO, VÍDEO E FOTO;Analítica;;
3.3.90.30.30.00.00.0000;MATERIAL PARA COMUNICAÇÕES;Analítica;;
3.3.90.30.31.00.00.0000;SEMENTES, MUDAS DE PLANTAS E INSUMOS;Analítica;;
3.3.90.30.32.00.00.0000;SUPRIMENTO DE AVIAÇÃO;Analítica;;
3.3.90.30.33.00.00.0000;MATERIAL PARA PRODUÇÃO INDÚSTRIAL;Analítica;;
3.3.90.30.34.00.00.0000;SOBRESSALENTES DE MÁQUINAS E MOTORES DE NÁVIOS E EMBARCAÇÕES;Analítica;;
3.3.90.30.35.00.00.0000;MATERIAL LABORATORIAL;Analítica;;
3.3.90.30.36.00.00.0000;MATERIAL HOSPITALAR;Analítica;;
3.3.90.30.37.00.00.0000;SOBRESSALENTES DE ARMAMENTO;Analítica;;
3.3.90.30.38.00.00.0000;SUPRIMENTO DE PROTEÇÃO AO VÔO;Analítica;;
3.3.90.30.39.00.00.0000;MATERIAL PARA MANUTENÇÃO DE VEÍCULOS;Analítica;;
3.3.90.30.40.00.00.0000;MATERIAL BIOLÓGICO;Analítica;;
3.3.90.30.41.00.00.0000;MATERIAL PARA UTILIZAÇÃO EM GRÁFICA;Analítica;;
3.3.90.30.42.00.00.0000;FERRAMENTAS;Analítica;;
3.3.90.30.43.00.00.0000;MATERIAL PARA REABILITAÇÃO PROFISSIONAL;Analítica;;
3.3.90.30.44.00.00.0000;MATERIAL DE SINALIZAÇÃO VISUAL E OUTROS;Analítica;;
3.3.90.30.45.00.00.0000;MATERIAL TÉCNICO PARA SELEÇÃO E TREINAMENTO;Analítica;;
3.3.90.30.46.00.00.0000;MATERIAL BIBLIOGRÁFICO;Analítica;;
3.3.90.30.47.00.00.0000;AQUISIÇÃO DE SOFTWARES DE BASE;Analítica;;
3.3.90.30.49.00.00.0000;BILHETES DE PASSAGEM;Analítica;;
3.3.90.30.50.00.00.0000;BANDEIRAS, FLÂMULAS E INSÍGNIAS;Analítica;;
3.3.90.30.51.00.00.0000;DISCOTECAS E FILMOTECAS NÃO IMOBILIZÁVEL;Analítica;;
3.3.90.30.53.00.00.0000;MATERIAL METEOROLÓGICO;Analítica;;
3.3.90.30.54.00.00.0000;MATERIAL PARA MANUTENÇÃO E CONSERVAÇÃO DE ESTRADAS E VIAS;Analítica;;
3.3.90.30.55.00.00.0000;MATERIAL DE COPA E COZINHA;Analítica;;
3.3.90.30.96.00.00.0000;MATERIAL DE CONSUMO - PAGAMENTO ANTECIPADO;Analítica;;
3.3.90.30.99.00.00.0000;OUTROS MATERIAIS DE CONSUMO;Analítica;;
3.3.90.31.00.00.00.0000;PREMIAÇÕES CULTURAIS, ARTÍSTICAS, CIENTÍFICAS, DESPORTIVAS E OUTRAS;Sintética;;
3.3.90.31.01.00.00.0000;PREMIAÇÕES CULTURAIS;Analítica;;
3.3.90.31.02.00.00.0000;PREMIAÇÕES ARTÍSTICAS;Analítica;;
3.3.90.31.03.00.00.0000;PREMIAÇÕES CIENTÍFICAS;Analítica;;
3.3.90.31.04.00.00.0000;PREMIAÇÕES DESPORTIVAS;Analítica;;
3.3.90.31.05.00.00.0000;ORDENS HONORÍFICAS;Analítica;;
3.3.90.31.99.00.00.0000;OUTRAS PREMIAÇÕES;Analítica;;
3.3.90.32.00.00.00.0000;MATERIAL, BEM OU SERVIÇO PARA DISTRIBUIÇÃO GRATUITA;Sintética;;
3.3.90.32.02.00.00.0000;MEDICAMENTOS PARA USO DOMICILIAR;Analítica;;
3.3.90.32.03.00.00.0000;MATERIAL DESTINADO A ASSISTÊNCIA SOCIAL;Analítica;;
3.3.90.32.04.00.00.0000;MATERIAL EDUCACIONAL E CULTURAL;Analítica;;
3.3.90.32.05.00.00.0000;MERCADORIAS PARA DOAÇÃO;Analítica;;
3.3.90.32.07.00.00.0000;MATERIAL PARA CERIMONIAL;Analítica;;
3.3.90.32.08.00.00.0000;MATERIAL PARA REABILITAÇÃO PROFISSIONAL;Analítica;;
3.3.90.32.09.00.00.0000;MATERIAL PARA DIVULGAÇÃO;Analítica;;
3.3.90.32.10.00.00.0000;MATERIAL DESTINADO A SAÚDE;Analítica;;
3.3.90.32.96.00.00.0000;MATERIAL DE DISTRIBUIÇÃO GRATUITA - PAGAMENTO ANTECIPADO;Analítica;;
3.3.90.32.99.00.00.0000;OUTROS MATERIAIS DE DISTRIBUIÇÃO GRATUITA;Analítica;;
3.3.90.33.00.00.00.0000;PASSAGENS E DESPESAS COM LOCOMOÇÃO;Sintética;;
3.3.90.33.01.00.00.0000;PASSAGENS PARA O PAÍS;Analítica;;
3.3.90.33.02.00.00.0000;PASSAGENS PARA O EXTERIOR;Analítica;;
3.3.90.33.03.00.00.0000;LOCAÇÃO DE MEIOS DE TRANSPORTE;Analítica;;
3.3.90.33.05.00.00.0000;LOCOMOÇÃO URBANA;Analítica;;
3.3.90.33.08.00.00.0000;PEDÁGIOS;Analítica;;
3.3.90.33.96.00.00.0000;PASSAGENS E DESPESAS COM LOCOMOÇÃO - PAGAMENTO ANTECIPADO;Analítica;;
3.3.90.33.99.00.00.0000;OUTRAS DESPESAS COM LOCOMOÇÃO;Analítica;;
3.3.90.34.00.00.00.0000;OUTRAS DESPESAS DE PESSOAL DECORRENTES DE CONTRATOS DE TERCEIRIZAÇÃO;Sintética;;
3.3.90.34.01.00.00.0000;SUBSTITUIÇÃO DE MÃO DE OBRA (ART.18 PAR.1º LC 101/2000);Analítica;;
3.3.90.35.00.00.00.0000;SERVIÇOS DE CONSULTORIA;Sintética;;
3.3.90.35.01.00.00.0000;ASSESSORIA E CONSULTORIA TÉCNICA OU JURÍDICA;Sintética;;
3.3.90.35.01.01.00.0000;JURÍDICA;Analítica;;
3.3.90.35.01.02.00.0000;CONTÁBIL;Analítica;;
3.3.90.35.01.99.00.0000;OUTROS;Analítica;;
3.3.90.35.02.00.00.0000;AUDITORIA EXTERNA;Analítica;;
3.3.90.35.04.00.00.0000;CONSULTORIA EM TECNOLOGIA DA INFORMAÇÃO E COMUNICAÇÃO;Analítica;;
3.3.90.35.96.00.00.0000;SERVIÇOS DE CONSULTORIA - PAGAMENTO ANTECIPADO;Analítica;;
3.3.90.35.99.00.00.0000;OUTROS SERVIÇOS DE CONSULTORIA;Analítica;;
3.3.90.36.00.00.00.0000;OUTROS SERVIÇOS DE TERCEIROS - PESSOA FÍSICA;Sintética;;
3.3.90.36.01.00.00.0000;CONDOMÍNIOS;Analítica;;
3.3.90.36.02.00.00.0000;DIÁRIAS A COLABORADORES EVENTUAIS NO PAÍS;Analítica;;
3.3.90.36.03.00.00.0000;DIÁRIAS A COLABORADORES EVENTUAIS NO EXTERIOR;Analítica;;
3.3.90.36.04.00.00.0000;COMISSÕES E CORRETAGENS;Analítica;;
3.3.90.36.05.00.00.0000;DIREITOS AUTORAIS;Analítica;;
3.3.90.36.06.00.00.0000;SERVIÇOS TÉCNICOS PROFISSIONAIS;Sintética;;
3.3.90.36.06.01.00.0000;JURÍDICA;Analítica;;
3.3.90.36.06.02.00.0000;CONTÁBIL;Analítica;;
3.3.90.36.06.99.00.0000;OUTROS;Analítica;;
3.3.90.36.07.00.00.0000;ESTAGIÁRIOS;Analítica;;
3.3.90.36.08.00.00.0000;RESIDÊNCIA MÉDICA;Sintética;;
3.3.90.36.09.00.00.0000;BOLSA DE INICIAÇÃO AO TRABALHO;Analítica;;
3.3.90.36.11.00.00.0000;PRÓ-LABORE A CONSULTORES EVENTUAIS;Analítica;;
3.3.90.36.13.00.00.0000;CONFERÊNCIAS E EXPOSIÇÕES E ESPETÁCULOS;Analítica;;
3.3.90.36.14.00.00.0000;ARMAZENAGEM;Analítica;;
3.3.90.36.15.00.00.0000;LOCAÇÃO DE IMÓVEIS;Analítica;;
3.3.90.36.16.00.00.0000;LOCAÇÃO DE BENS MÓVEIS E INTANGÍVEIS;Analítica;;
3.3.90.36.18.00.00.0000;MANUTENÇÃO E CONSERVAÇÃO DE EQUIPAMENTOS;Analítica;;
3.3.90.36.20.00.00.0000;MANUTENÇÃO E CONSERVAÇÃO DE VEÍCULOS;Analítica;;
3.3.90.36.21.00.00.0000;MANUTENÇÃO E CONSERVAÇÃO DE BENS MÓVEIS DE OUTRAS NATUREZAS;Analítica;;
3.3.90.36.22.00.00.0000;MANUTENÇÃO E CONSERVAÇÃO DE BENS IMÓVEIS;Analítica;;
3.3.90.36.23.00.00.0000;FORNECIMENTO DE ALIMENTAÇÃO;Analítica;;
3.3.90.36.25.00.00.0000;SERVIÇOS DE LIMPEZA E CONSERVAÇÃO;Analítica;;
3.3.90.36.26.00.00.0000;SERVIÇOS DOMÉSTICOS;Analítica;;
3.3.90.36.27.00.00.0000;SERVIÇOS DE COMUNICAÇÃO EM GERAL;Analítica;;
3.3.90.36.28.00.00.0000;SERVIÇO DE SELEÇÃO E TREINAMENTO;Analítica;;
3.3.90.36.29.00.00.0000;HONORÁRIOS ADVOCATÍCIOS - ÔNUS DA SUCUMBÊNCIA;Analítica;;
3.3.90.36.30.00.00.0000;SERVIÇOS MÉDICOS E ODONTOLÓGICOS;Sintética;;
3.3.90.36.30.01.00.0000;MÉDICOS;Analítica;;
3.3.90.36.30.02.00.0000;ODONTOLÓGICOS;Analítica;;
3.3.90.36.30.03.00.0000;ENFERMAGEM;Analítica;;
3.3.90.36.30.99.00.0000;OUTROS;Analítica;;
3.3.90.36.31.00.00.0000;SERVIÇOS DE REABILITAÇÃO PROFISSIONAL;Analítica;;
3.3.90.36.32.00.00.0000;SERVIÇOS DE ASSISTÊNCIA SOCIAL;Analítica;;
3.3.90.36.34.00.00.0000;SERVIÇOS DE PERÍCIAS MÉDICAS POR BENEFÍCIOS;Analítica;;
3.3.90.36.35.00.00.0000;SERVIÇOS DE APOIO ADMINISTRATIVOS, TÉCNICO E OPERACIONAL;Analítica;;
3.3.90.36.36.00.00.0000;SERVIÇOS DE CONSERVAÇÃO E REBENEFICIAMENTO DE MERCADORIAS;Analítica;;
3.3.90.36.37.00.00.0000;CONFECÇÃO DE MATERIAL DE ACONDICIONAMENTO E EMBALAGEM;Analítica;;
3.3.90.36.38.00.00.0000;CONFECÇÃO DE UNIFORMES, BANDEIRAS E FLÂMULAS;Analítica;;
3.3.90.36.39.00.00.0000;FRETES E TRANSPORTES DE ENCOMENDAS;Analítica;;
3.3.90.36.42.00.00.0000;JUROS;Analítica;;
3.3.90.36.44.00.00.0000;MULTAS INDEDUTÍVEIS;Analítica;;
3.3.90.36.45.00.00.0000;JETONS A CONSELHEIROS;Analítica;;
3.3.90.36.46.00.00.0000;DIÁRIAS A CONSELHEIROS;Analítica;;
3.3.90.36.54.00.00.0000;MANUTENÇÃO E CONSERVAÇÃO DE EQUIPAMENTOS DE TIC;Analítica;;
3.3.90.36.57.00.00.0000;SERVIÇOS TÉCNICOS PROFISSIONAIS DE TIC;Analítica;;
3.3.90.36.59.00.00.0000;SERVIÇOS DE ÁUDIO, VÍDEO E FOTO;Analítica;;
3.3.90.36.60.00.00.0000;INSTRUTORIA PRESTADA POR SERVIDOR PÚBLICO;Analítica;;
3.3.90.36.66.00.00.0000;SERVIÇOS JUDICIÁRIOS;Analítica;;
3.3.90.36.69.00.00.0000;SEGUROS EM GERAL;Analítica;;
3.3.90.36.96.00.00.0000;OUTROS SERVIÇOS DE TERCEIROS - PESSOA FÍSICA - PAGAMENTO ANTECIPADO;Analítica;;
3.3.90.36.99.00.00.0000;OUTROS SERVIÇOS DE TERCEIROS - PESSOA FÍSICA;Analítica;;
3.3.90.37.00.00.00.0000;LOCAÇÃO DE MÃO DE OBRA;Sintética;;
3.3.90.37.01.00.00.0000;APOIO ADMINISTRATIVO, TÉCNICO E OPERACIONAL;Analítica;;
3.3.90.37.02.00.00.0000;LIMPEZA E CONSERVAÇÃO;Analítica;;
3.3.90.37.03.00.00.0000;VIGILÂNCIA OSTENSIVA;Analítica;;
3.3.90.37.04.00.00.0000;MANUTENÇÃO E CONSERVAÇÃO DE BENS IMÓVEIS;Analítica;;
3.3.90.37.05.00.00.0000;SERVIÇOS DE COPA E COZINHA;Analítica;;
3.3.90.37.06.00.00.0000;MANUTENÇÃO E CONSERVAÇÃO DE BENS MÓVEIS;Analítica;;
3.3.90.37.96.00.00.0000;LOCAÇÃO DE MÃO DE OBRA - PAGAMENTO ANTECIPADO;Analítica;;
3.3.90.37.99.00.00.0000;OUTRAS LOCAÇÕES DE MÃO DE OBRA;Analítica;;
3.3.90.38.00.00.00.0000;ARRENDAMENTO MERCANTIL;Sintética;;
3.3.90.38.01.00.00.0000;MÁQUINAS E APARELHOS;Analítica;;
3.3.90.38.03.00.00.0000;VEÍCULOS RODOVIÁRIOS;Analítica;;
3.3.90.38.04.00.00.0000;OUTROS BENS MÓVEIS;Analítica;;
3.3.90.38.05.00.00.0000;BENS IMÓVEIS;Analítica;;
3.3.90.38.99.00.00.0000;OUTROS ARRENDAMENTOS;Analítica;;
3.3.90.39.00.00.00.0000;OUTROS SERVIÇOS DE TERCEIROS - PESSOA JURÍDICA;Sintética;;
3.3.90.39.01.00.00.0000;ASSINATURAS DE PERIÓDICOS E ANUIDADES;Analítica;;
3.3.90.39.02.00.00.0000;CONDOMÍNIOS;Analítica;;
3.3.90.39.03.00.00.0000;COMISSÕES, CORRETAGENS E CUSTÓDIAS;Analítica;;
3.3.90.39.04.00.00.0000;DIREITOS AUTORAIS;Analítica;;
3.3.90.39.05.00.00.0000;SERVIÇOS TÉCNICOS PROFISSIONAIS;Sintética;;
3.3.90.39.05.01.00.0000;JURÍDICO;Analítica;;
3.3.90.39.05.02.00.0000;CONTÁBIL;Analítica;;
3.3.90.39.05.99.00.0000;OUTROS;Analítica;;
3.3.90.39.09.00.00.0000;ARMAZENAGEM;Analítica;;
3.3.90.39.10.00.00.0000;LOCAÇÃO DE IMÓVEIS;Analítica;;
3.3.90.39.12.00.00.0000;LOCAÇÃO DE MÁQUINAS E EQUIPAMENTOS;Analítica;;
3.3.90.39.14.00.00.0000;LOCAÇÃO BENS MÓVEIS, OUTRAS NATUREZAS E INTANGÍVEIS;Analítica;;
3.3.90.39.15.00.00.0000;TRIBUTOS A CONTA DO LOCATÁRIO;Analítica;;
3.3.90.39.16.00.00.0000;MANUTENÇÃO E CONSERVAÇÃO DE BENS IMÓVEIS;Analítica;;
3.3.90.39.17.00.00.0000;MANUTENÇÃO E CONSERVAÇÃO DE MÁQUINAS E EQUIPAMENTOS;Analítica;;
3.3.90.39.19.00.00.0000;MANUTENÇÃO E CONSERVAÇÃO DE VEÍCULOS;Analítica;;
3.3.90.39.20.00.00.0000;MANUTENÇÃO E CONSERVAÇÃO DE BENS MÓVEIS DE OUTRAS NATUREZAS;Analítica;;
3.3.90.39.21.00.00.0000;MANUTENÇÃO E CONSERVAÇÃO DE ESTRADAS E VIAS;Analítica;;
3.3.90.39.22.00.00.0000;EXPOSIÇÕES, CONGRESSOS E CONFERÊNCIAS;Analítica;;
3.3.90.39.23.00.00.0000;FESTIVIDADES E HOMENAGENS;Analítica;;
3.3.90.39.25.00.00.0000;TAXA DE ADMINISTRAÇÃO;Analítica;;
3.3.90.39.29.00.00.0000;HONORÁRIOS ADVOCATÍCIOS - ÔNUS DA SUCUMBÊNCIA;Analítica;;
3.3.90.39.32.00.00.0000;TRANSPORTE ESCOLAR;Analítica;;
3.3.90.39.36.00.00.0000;MULTAS INDEDUTÍVEIS;Analítica;;
3.3.90.39.37.00.00.0000;JUROS;Analítica;;
3.3.90.39.40.00.00.0000;PROGRAMA DE ALIMENTAÇÃO DO TRABALHADOR;Analítica;;
3.3.90.39.41.00.00.0000;FORNECIMENTO DE ALIMENTAÇÃO (despesas com aquisição de refeições preparadas, inclusive buffet´s, lanches e similares);Analítica;;
3.3.90.39.43.00.00.0000;SERVIÇOS DE ENERGIA ELÉTRICA;Analítica;;
3.3.90.39.44.00.00.0000;SERVIÇOS DE ÁGUA E ESGOTO;Analítica;;
3.3.90.39.45.00.00.0000;SERVIÇOS DE GÁS;Analítica;;
3.3.90.39.46.00.00.0000;SERVIÇOS DOMÉSTICOS;Analítica;;
3.3.90.39.50.00.00.0000;SERVIÇOS MÉDICO-HOSPITALAR, ODONTOLÓGICOS E LABORATORIAIS;Sintética;;
3.3.90.39.50.01.00.0000;MÉDICOS;Analítica;;
3.3.90.39.50.02.00.0000;HOSPITALARES;Analítica;;
3.3.90.39.50.03.00.0000;ODONTOLÓGICOS;Analítica;;
3.3.90.39.50.04.00.0000;LABORATORIAIS;Analítica;;
3.3.90.39.50.99.00.0000;OUTROS;Analítica;;
3.3.90.39.51.00.00.0000;SERVIÇOS DE ANÁLISES E PESQUISAS CIENTÍFICAS;Analítica;;
3.3.90.39.52.00.00.0000;SERVIÇOS DE REABILITAÇÃO PROFISSIONAL;Analítica;;
3.3.90.39.53.00.00.0000;SERVIÇOS DE ASSISTÊNCIA SOCIAL;Analítica;;
3.3.90.39.54.00.00.0000;SERVIÇOS DE CRECHES E ASSISTÊNCIA PRÉ-ESCOLAR;Analítica;;
3.3.90.39.61.00.00.0000;SERVIÇOS DE SOCORRO E SALVAMENTO;Analítica;;
3.3.90.39.63.00.00.0000;SERVIÇOS GRÁFICOS E EDITORIAIS;Analítica;;
3.3.90.39.64.00.00.0000;SERVIÇOS DE PERÍCIAS MÉDICAS/ODONTOLÓGICAS PARA BENEFÍCIOS;Analítica;;
3.3.90.39.65.00.00.0000;SERVIÇOS DE APOIO AO ENSINO;Analítica;;
3.3.90.39.66.00.00.0000;SERVIÇOS JUDICIÁRIOS;Analítica;;
3.3.90.39.67.00.00.0000;SERVIÇOS FUNERÁRIOS;Analítica;;
3.3.90.39.69.00.00.0000;SEGUROS EM GERAL;Analítica;;
3.3.90.39.70.00.00.0000;CONFECÇÃO DE UNIFORMES, BANDEIRAS E FLÂMULAS;Analítica;;
3.3.90.39.71.00.00.0000;CONFECÇÃO DE MATERIAL DE ACONDICIONAMENTO E EMBALAGEM;Analítica;;
3.3.90.39.72.00.00.0000;VALE-TRANSPORTE;Analítica;;
3.3.90.39.73.00.00.0000;TRANSPORTE DE SERVIDORES;Analítica;;
3.3.90.39.74.00.00.0000;FRETES E TRANSPORTES DE ENCOMENDAS;Analítica;;
3.3.90.39.77.00.00.0000;VIGILÂNCIA OSTENSIVA E MONITORADA;Analítica;;
3.3.90.39.78.00.00.0000;LIMPEZA E CONSERVAÇÃO;Analítica;;
3.3.90.39.79.00.00.0000;SERVIÇO DE APOIO ADMINISTRATIVO, TÉCNICO E OPERACIONAL;Analítica;;
3.3.90.39.80.00.00.0000;HOSPEDAGENS;Analítica;;
3.3.90.39.81.00.00.0000;SERVIÇOS BANCÁRIOS;Analítica;;
3.3.90.39.82.00.00.0000;SERVIÇOS DE CONTROLE AMBIENTAL;Analítica;;
3.3.90.39.83.00.00.0000;SERVIÇOS DE CÓPIAS E REPRODUÇÃO DE DOCUMENTOS;Analítica;;
3.3.90.39.90.00.00.0000;SERVIÇOS DE PROPAGANDA E PUBLICIDADE;Analítica;;
3.3.90.39.96.00.00.0000;OUTROS SERVIÇOS DE TERCEIROS - PESSOA JURÍDICA - PAGAMENTO ANTECIPADO;Analítica;;
3.3.90.39.99.00.00.0000;OUTROS SERVIÇOS DE TERCEIROS - PESSOA JURÍDICA;Sintética;;
3.3.90.39.99.01.00.0000;SERVIÇOS DE ESTAGIÁRIOS;Analítica;;
3.3.90.39.99.02.00.0000;ASSOCIAÇÕES, FEDERAÇÕES E CONFEDERÇÕES;Analítica;;
3.3.90.40.00.00.00.0000;SERVIÇOS DE TECNOLOGIA DA INFORMAÇÃO E COMUNICAÇÃO - PESSOA JURÍDICA;Sintética;;
3.3.90.40.01.00.00.0000;LOCAÇÃO DE EQUIPAMENTOS DE TIC - ATIVOS DE REDE;Analítica;;
3.3.90.40.02.00.00.0000;LOCAÇÃO DE EQUIPAMENTOS DE TIC - COMPUTADORES;Analítica;;
3.3.90.40.03.00.00.0000;LOCAÇÃO DE EQUIPAMENTOS DE TIC - SERVIDORES/STORAGE;Analítica;;
3.3.90.40.04.00.00.0000;LOCAÇÃO DE EQUIPAMENTOS DE TIC - IMPRESSORAS;Analítica;;
3.3.90.40.05.00.00.0000;LOCAÇÃO DE EQUIPAMENTOS DE TIC - TELEFONIA;Analítica;;
3.3.90.40.06.00.00.0000;LOCAÇÃO DE SOFTWARES;Analítica;;
3.3.90.40.07.00.00.0000;MANUTENÇÃO CORRETIVA/ADAPTATIVA E SUSTENTAÇÃO SOFTWARES;Analítica;;
3.3.90.40.08.00.00.0000;DESENVOLVIMENTO DE SOFTWARE;Analítica;;
3.3.90.40.09.00.00.0000;HOSPEDAGENS DE SISTEMAS;Analítica;;
3.3.90.40.10.00.00.0000;SUPORTE A USUÁRIOS DE TIC;Analítica;;
3.3.90.40.11.00.00.0000;SUPORTE DE INFRAESTRUTURA DE TIC;Analítica;;
3.3.90.40.12.00.00.0000;MANUTENÇÃO E CONSERVAÇÃO DE EQUIPAMENTOS DE TIC;Analítica;;
3.3.90.40.13.00.00.0000;COMUNICAÇÃO DE DADOS E REDES EM GERAL;Analítica;;
3.3.90.40.14.00.00.0000;TELEFONIA FIXA E MÓVEL - PACOTE DE COMUNICAÇÃO DE DADOS;Analítica;;
3.3.90.40.15.00.00.0000;DIGITALIZAÇÃO/INDEXAÇÃO DE DOCUMENTOS;Analítica;;
3.3.90.40.16.00.00.0000;OUTSOURCING DE IMPRESSÃO;Analítica;;
3.3.90.40.17.00.00.0000;COMPUTAÇÃO EM NUVEM - INFRAESTRUTURA COMO SERVIÇO (IAAS);Analítica;;
3.3.90.40.18.00.00.0000;COMPUTAÇÃO EM NUVEM - PLATAFORMA COMO SERVIÇO (PAAS);Analítica;;
3.3.90.40.19.00.00.0000;COMPUTAÇÃO EM NUVEM - SOFTWARE COMO SERVIÇO (SAAS);Analítica;;
3.3.90.40.20.00.00.0000;TREINAMENTO/CAPACITAÇÃO EM TIC;Analítica;;
3.3.90.40.21.00.00.0000;SERVIÇOS TÉCNICOS PROFISSIONAIS DE TIC;Analítica;;
3.3.90.40.22.00.00.0000;INSTALAÇÃO DE EQUIPAMENTOS DE TIC;Analítica;;
3.3.90.40.23.00.00.0000;EMISSÃO DE CERTIFICADOS DIGITAIS;Analítica;;
3.3.90.40.24.00.00.0000;SERVIÇOS DE TIC - PJ DE CARÁTER SECRETO OU RESERVADO;Analítica;;
3.3.90.40.96.00.00.0000;SERVIÇOS DE TIC - PAGAMENTO ANTECIPADO;Analítica;;
3.3.90.40.99.00.00.0000;OUTROS SERVIÇOS DE TECNOLOGIA DA INFORMAÇÃO E COMUNICAÇÃO - PESSOA JURÍDICA;Analítica;;
3.3.90.41.00.00.00.0000;CONTRIBUIÇÕES;Sintética;;
3.3.90.41.00.01.00.0000;CONTRIBUIÇÕES AS FORÇAS AUXILIARES;Analítica;;
3.3.90.41.02.00.00.0000;CONTRIBUIÇÕES ÀS ASSOCIAÇÕES, FEDERAÇÕES E CONFEDERÇÕES;Sintética;;
3.3.90.45.00.00.00.0000;SUBVENÇÕES ECONÔMICAS;Sintética;;
3.3.90.45.99.00.00.0000;OUTRAS SUBVENÇÕES ECONÔMICAS;Analítica;;
3.3.90.46.00.00.00.0000;AUXÍLIO-ALIMENTAÇÃO;Sintética;;
3.3.90.46.01.00.00.0000;INDENIZAÇÃO AUXÍLIO-ALIMENTAÇÃO;Analítica;;
3.3.90.47.00.00.00.0000;OBRIGAÇÕES TRIBUTÁRIAS E CONTRIBUTIVAS;Sintética;;
3.3.90.47.02.00.00.0000;IMPOSTO SOBRE A PROPRIEDADE PREDIAL E TERRITORIAL URBANA - IPTU;Analítica;;
3.3.90.47.03.00.00.0000;IMPOSTO DE RENDA;Analítica;;
3.3.90.47.08.00.00.0000;IMPOSTO SOBRE SERVIÇOS DE QUALQUER NATUREZA - ISSQN;Analítica;;
3.3.90.47.10.00.00.0000;TAXAS;Analítica;;
3.3.90.47.12.00.00.0000;CONTRIBUIÇÃO PARA O PIS/PASEP;Analítica;;
3.3.90.47.14.00.00.0000;CPMF;Analítica;;
3.3.90.47.15.00.00.0000;MULTAS DEDUTÍVEIS;Analítica;;
3.3.90.47.16.00.00.0000;JUROS;Analítica;;
3.3.90.47.18.00.00.0000;CONTRIBUIÇÕES PREVIDENCIÁRIAS-SERVIÇOS DE TERCEIROS;Analítica;;
3.3.90.47.20.00.00.0000;OBRIGAÇÕES PATRONAIS SOBRE SERVIÇOS DE PESSOA JURÍDICA;Analítica;;
3.3.90.47.21.00.00.0000;CONTRIBUIÇÃO SINDICAL;Analítica;;
3.3.90.47.22.00.00.0000;CONTRIBUIÇÃO PARA O CUSTEIO DE ILUMINAÇÃO PÚBLICA;Analítica;;
3.3.90.47.96.00.00.0000;OBRIGAÇÕES TRIBUTÁRIAS - PAGAMENTO ANTECIPADO;Analítica;;
3.3.90.47.99.00.00.0000;OUTRAS OBRIGAÇÕES TRIBUTÁRIAS E CONTRIBUTIVAS;Analítica;;
3.3.90.48.00.00.00.0000;OUTROS AUXÍLIOS FINANCEIROS A PESSOA FÍSICA;Sintética;;
3.3.90.48.01.00.00.0000;AUXÍLIO A PESSOAS FÍSICAS;Analítica;;
3.3.90.49.00.00.00.0000;AUXÍLIO-TRANSPORTE;Sintética;;
3.3.90.49.01.00.00.0000;INDENIZAÇÃO AUXÍLIO-TRANSPORTE;Analítica;;
3.3.90.53.00.00.00.0000;APOSENTADORIAS DO RGPS - ÁREA RURAL;Sintética;;
3.3.90.54.00.00.00.0000;APOSENTADORIAS DO RGPS - ÁREA URBANA;Sintética;;
3.3.90.55.00.00.00.0000;PENSÕES DO RGPS - ÁREA RURAL;Sintética;;
3.3.90.56.00.00.00.0000;PENSÕES DO RGPS - ÁREA URBANA;Sintética;;
3.3.90.57.00.00.00.0000;OUTROS BENEFÍCIOS DO RGPS - ÁREA RURAL;Sintética;;
3.3.90.58.00.00.00.0000;OUTROS BENEFÍCIOS DO RGPS - ÁREA URBANA;Sintética;;
3.3.90.59.00.00.00.0000;PENSÕES ESPECIAIS;Sintética;;
3.3.90.62.00.00.00.0000;AQUISIÇÃO DE PRODUTOS PARA REVENDA;Sintética;;
3.3.90.67.00.00.00.0000;DEPÓSITOS COMPULSÓRIOS;Sintética;;
3.3.90.67.01.00.00.0000;DEPÓSITOS E CAUÇÕES;Analítica;;
3.3.90.67.02.00.00.0000;DEPÓSITOS JUDICIAIS;Analítica;;
3.3.90.67.03.00.00.0000;DEPÓSITOS PARA RECURSOS;Analítica;;
3.3.90.67.99.00.00.0000;OUTROS DEPÓSITOS COMPULSÓRIOS;Analítica;;
3.3.90.81.00.00.00.0000;DISTRIBUIÇÃO CONSTITUCIONAL OU LEGAL DE RECEITAS;Sintética;;
3.3.90.86.00.00.00.0000;COMPENSAÇÕES AO REGIME DE PREVIDÊNCIA;Sintética;;
3.3.90.91.00.00.00.0000;SENTENÇAS JUDICIAIS;Sintética;;
3.3.90.91.01.00.00.0000;SENTENÇAS JUDICIAIS - Medicamentos;Analítica;;
3.3.90.91.02.00.00.0000;SENTENÇAS JUDICIAIS - Serviços de Saúde;Analítica;;
3.3.90.91.03.00.00.0000;PRECATÓRIOS JUDICIAIS;Analítica;;
3.3.90.91.99.00.00.0000;DIVERSAS SENTENÇAS;Analítica;;
3.3.90.92.00.00.00.0000;DESPESAS DE EXERCÍCIOS ANTERIORES;Sintética;;
3.3.90.92.04.00.00.0000;CONTRATAÇÃO POR TEMPO DETERMINADO;Analítica;;
3.3.90.92.08.00.00.0000;OUTROS BENEFÍCIOS ASSISTENCIAIS;Analítica;;
3.3.90.92.14.00.00.0000;DIÁRIAS - PESSOAL CIVIL;Analítica;;
3.3.90.92.18.00.00.0000;AUXÍLIO FINANCEIRO A ESTUDANTES;Analítica;;
3.3.90.92.30.00.00.0000;MATERIAL DE CONSUMO;Analítica;;
3.3.90.92.31.00.00.0000;PREMIAÇÕES CULTURAIS, ARTÍSTICAS, CIENTÍFICAS, DESPORTIVAS E OUTRAS;Analítica;;
3.3.90.92.32.00.00.0000;MATERIAL DE DISTRIBUIÇÃO GRATUITA;Analítica;;
3.3.90.92.33.00.00.0000;PASSAGENS E DESPESAS COM LOCOMOÇÃO;Analítica;;
3.3.90.92.34.00.00.0000;OUTRAS DESPESAS DE PESSOAL - TERCEIRIZACAO (ART.18 § 1º, LC 101);Analítica;;
3.3.90.92.36.00.00.0000;SERVIÇOS DE TERCEIROS - PESSOA FÍSICA;Analítica;;
3.3.90.92.37.00.00.0000;LOCAÇÃO DE MÃO DE OBRA;Analítica;;
3.3.90.92.38.00.00.0000;ARRENDAMENTO MERCANTIL;Analítica;;
3.3.90.92.39.00.00.0000;SERVIÇOS DE TERCEIROS - PESSOA JURÍDICA;Analítica;;
3.3.90.92.40.00.00.0000;OUTRAS DESPESAS DE PESSOAL - TERCEIRIZACAO (ART.18 § 1º, LC 101);Analítica;;
3.3.90.92.46.00.00.0000;AUXÍLIO-ALIMENTAÇÃO;Analítica;;
3.3.90.92.47.00.00.0000;OBRIGAÇÕES TRIBUTÁRIAS E CONTRIBUTIVAS;Analítica;;
3.3.90.92.49.00.00.0000;AUXÍLIO-TRANPORTE;Analítica;;
3.3.90.92.90.00.00.0000;SERVIÇOS DE PROPAGANDA E PUBLICIDADE;Analítica;;
3.3.90.92.91.00.00.0000;SENTENÇAS JUDICIAIS;Analítica;;
3.3.90.92.93.00.00.0000;INDENIZAÇÕES E RESTITUIÇÕES;Analítica;;
3.3.90.92.99.00.00.0000;OUTRAS DESPESAS CORRENTES;Analítica;;
3.3.90.93.00.00.00.0000;INDENIZAÇÕES E RESTITUIÇÕES;Sintética;;
3.3.90.93.01.00.00.0000;INDENIZAÇÕES;Sintética;;
3.3.90.93.01.01.00.0000;INDENIZAÇÃO IMOBILIÁRIA;Analítica;;
3.3.90.93.01.02.00.0000;INDENIZAÇÃO POR DANOS MATERIAIS A TERCEIROS;Analítica;;
3.3.90.93.01.03.00.0000;INDENIZAÇÃO POR LOCAÇÃO DE VEÍCULOS DE SERVIDORES;Analítica;;
3.3.90.93.02.00.00.0000;RESTITUIÇÕES;Sintética;;
3.3.90.93.02.01.00.0000;RESTITUIÇÕES DE DESPESAS EVENTUAIS COM ALIMENTAÇÃO;Analítica;;
3.3.90.93.02.02.00.0000;RESTITUIÇÕES DE IMPOSTOS, TAXAS E CONTRIBUIÇÕES DE MELHORIA;Analítica;;
3.3.90.93.02.03.00.0000;RESTITUIÇÕES DO INSS AOS AGENTES POLÍTICOS;Analítica;;
3.3.90.93.02.07.00.0000;RESTITUIÇÕES DE DESPESAS CONTRATUAIS COM SEGUROS REALIZADOS POR TERCEIROS - PESSOA JURÍDICA;Analítica;;
3.3.90.93.02.08.00.0000;RESTITUIÇÕES DE CONVÊNIOS NÃO UTILIZADOS;Analítica;;
3.3.90.93.03.00.00.0000;AJUDA DE CUSTO - PESSOAL CIVIL;Analítica;;
3.3.90.93.05.00.00.0000;INDENIZAÇÃO DE TRANSPORTE - PESSOAL CIVIL;Analítica;;
3.3.90.93.07.00.00.0000;INDENIZAÇÃO DE MORADIA - PESSOAL CIVIL;Analítica;;
3.3.90.93.08.00.00.0000;RESSARCIMENTO ASSISTÊNCIA MÉDICA/ODONTOLÓGICA;Analítica;;
3.3.90.93.99.00.00.0000;DIVERSAS INDENIZAÇÕES E RESTITUIÇÕES;Analítica;;
3.3.90.95.00.00.00.0000;INDENIZAÇÃO PELA EXECUÇÃO TRABALHOS DE CAMPO;Sintética;;
3.3.90.95.01.00.00.0000;INDENIZAÇÕES A SERVIDORES PELA EXECUÇÃO DE  TRABALHO DE CAMPO;Analítica;;
3.3.90.96.00.00.00.0000;RESSARCIMENTO DE DESPESAS DE PESSOAL REQUISITADO;Sintética;;
3.3.90.96.99.00.00.0000;RESSARCIMENTO DE DESPESAS DE PESSOAL REQUISITADO;Analítica;;
3.3.91.00.00.00.00.0000;APLICAÇÃO DIRETA DECORRENTE DE OPERAÇÃO ENTRE ÓRGÃOS, FUNDOS E ENTIDADES INTEGRANTES DOS ORÇAMENTOS FISCAL E DA SEGURIDADE SOCIAL ;Sintética;;
3.3.91.04.00.00.00.0000;CONTRATAÇÃO POR TEMPO DETERMINADO ;Sintética;;
3.3.91.04.99.00.00.0000;OUTRAS CONTRATAÇÕES POR TEMPO DETERMINADO;Analítica;;
3.3.91.28.00.00.00.0000;REMUNERAÇÃO DE COTAS DE FUNDOS AUTÁRQUICOS ;Sintética;;
3.3.91.29.00.00.00.0000;DISTRIBUIÇÃO DE RESULTADO DE EMPRESAS ESTATAIS  DEPENDENTES;Sintética;;
3.3.91.30.00.00.00.0000;MATERIAL DE CONSUMO ;Sintética;;
3.3.91.30.17.00.00.0000;MATERIAL DE TIC (CONSUMO);Analítica;;
3.3.91.30.99.00.00.0000;OUTROS MATERIAIS DE CONSUMO;Analítica;;
3.3.91.31.00.00.00.0000;PREMIAÇÕES CULTURAIS, ARTÍSTICAS, CIENTÍFICAS, DESPORTIVAS E OUTRAS;Sintética;;
3.3.91.32.00.00.00.0000;MATERIAL, BEM OU SERVIÇO PARA DISTRIBUIÇÃO GRATUITA;Sintética;;
3.3.91.34.00.00.00.0000;OUTRAS DESPESAS DE PESSOAL DECORRENTES DE CONTRATOS DE TERCERIZAÇÃO - Op. Intraorçamentárias ;Sintética;;
3.3.91.35.00.00.00.0000;SERVIÇOS DE CONSULTORIA ;Sintética;;
3.3.91.35.04.00.00.0000;CONSULTORIA EM TECNOLOGIA DA INFORMAÇÃO E COMUNICAÇÃO;Analítica;;
3.3.91.35.99.00.00.0000;OUTROS SERVIÇOS DE CONSULTORIA;Analítica;;
3.3.91.39.00.00.00.0000;OUTROS SERVIÇOS DE TERCEIROS-PESSOA JURÍDICA;Sintética;;
3.3.91.39.02.00.00.0000;CONDOMÍNIOS;Analítica;;
3.3.91.39.10.00.00.0000;LOCAÇÃO DE IMÓVEIS;Analítica;;
3.3.91.39.44.00.00.0000;SERVIÇO DE ÁGUA E ESGOTO;Analítica;;
3.3.91.39.47.00.00.0000;SERVIÇO DE COMUNICAÇÃO EM GERAL;Analítica;;
3.3.91.39.50.00.00.0000;SERVIÇOS MÉDICO-HOSPITALAR, ODONTOLÓGICO E LABORATORIAIS;Analítica;;
3.3.91.39.99.00.00.0000;OUTROS SERVIÇOS DE TERCEIROS - PESSOA JURÍDICA;Analítica;;
3.3.91.40.00.00.00.0000;SERVIÇOS DE TECNOLOGIA DA INFORMAÇÃO E COMUNICAÇÃO - PESSOA JURÍDICA;Sintética;;
3.3.91.40.01.00.00.0000;LOCAÇÃO DE EQUIPAMENTOS DE TIC - ATIVOS DE REDE;Analítica;;
3.3.91.40.02.00.00.0000;LOCAÇÃO DE EQUIPAMENTOS DE TIC - COMPUTADORES;Analítica;;
3.3.91.40.03.00.00.0000;LOCAÇÃO DE EQUIPAMENTOS DE TIC - SERVIDORES/STORAGE;Analítica;;
3.3.91.40.04.00.00.0000;LOCAÇÃO DE EQUIPAMENTOS DE TIC - IMPRESSORAS;Analítica;;
3.3.91.40.05.00.00.0000;LOCAÇÃO DE EQUIPAMENTOS DE TIC - TELEFONIA;Analítica;;
3.3.91.40.06.00.00.0000;LOCAÇÃO DE SOFTWARES;Analítica;;
3.3.91.40.07.00.00.0000;MANUTENÇÃO CORRETIVA/ADAPTATIVA E SUSTENTAÇÃO SOFTWARES;Analítica;;
3.3.91.40.08.00.00.0000;DESENVOLVIMENTO DE SOFTWARE;Analítica;;
3.3.91.40.09.00.00.0000;HOSPEDAGENS DE SISTEMAS;Analítica;;
3.3.91.40.10.00.00.0000;SUPORTE À USUARIOS DE TIC;Analítica;;
3.3.91.40.11.00.00.0000;SUPORTE DE INFRAESTRUTURA DE TIC;Analítica;;
3.3.91.40.12.00.00.0000;MANUTENÇÃO E CONSERVAÇÃO DE EQUIPAMENTOS DE TIC;Analítica;;
3.3.91.40.13.00.00.0000;COMUNICAÇÃO DE DADOS E REDES EM GERAL;Analítica;;
3.3.91.40.14.00.00.0000;TELEFONIA FIXA E MÓVEL - PACOTE DE COMUNICAÇÃO DE DADOS;Analítica;;
3.3.91.40.15.00.00.0000;DIGITALIZAÇÃO/INDEXAÇÃO DE DOCUMENTOS;Analítica;;
3.3.91.40.16.00.00.0000;OUTSOURCING DE IMPRESSÃO;Analítica;;
3.3.91.40.17.00.00.0000;COMPUTAÇÃO EM NUVEM - INFRAESTRUTURA COMO SERVIÇO (IAAS);Analítica;;
3.3.91.40.18.00.00.0000;COMPUTAÇÃO EM NUVEM - PLATAFORMA COMO SERVIÇO (PAAS);Analítica;;
3.3.91.40.19.00.00.0000;COMPUTAÇÃO EM NUVEM - SOFTWARE COMO SERVIÇO (SAAS);Analítica;;
3.3.91.40.20.00.00.0000;TREINAMENTO/CAPACITAÇÃO EM TIC;Analítica;;
3.3.91.40.21.00.00.0000;SERVIÇOS TÉCNICOS PROFISSIONAIS DE TIC;Analítica;;
3.3.91.40.22.00.00.0000;INSTALAÇÃO DE EQUIPAMENTOS DE TIC;Analítica;;
3.3.91.40.23.00.00.0000;EMISSÃO DE CERTIFICADOS DIGITAIS;Analítica;;
3.3.91.47.00.00.00.0000;;Sintética;;
3.3.91.47.90.00.00.0000;IMPOSTO SOBRE A PROPRIEDADE PREDIAL E TERRITORIAL URBANA - IPTU;Analítica;;
3.3.91.47.99.00.00.0000;OUTRAS OBRIGAÇÕES TRIBUTÁRIAS E CONTRIBUTIVAS ;Sintética;;
3.3.91.62.00.00.00.0000;AQUISIÇÃO DE PRODUTOS PARA REVENDA;Sintética;;
3.3.91.86.00.00.00.0000;COMPENSAÇÕES A REGIMES DE PREVIDÊNCIA;Sintética;;
3.3.91.91.00.00.00.0000;SENTENÇAS JUDICIAIS ;Sintética;;
3.3.91.92.00.00.00.0000;DESPESAS DE EXERCÍCIOS ANTERIORES ;Sintética;;
3.3.91.92.39.00.00.0000;SERVIÇOS DE TERCEIROS - PESSOA JURÍDICA;Analítica;;
3.3.91.92.47.00.00.0000;OBRIGAÇÕES TRIBUTÁRIAS E CONTRIBUTIVAS;Analítica;;
3.3.91.92.93.00.00.0000;INDENIZAÇÕES E RESTITUIÇÕES;Analítica;;
3.3.91.93.00.00.00.0000;INDENIZAÇÕES E RESTITUIÇÕES;Sintética;;
3.3.91.93.01.00.00.0000;INDENIZAÇÕES;Analítica;;
3.3.91.93.02.00.00.0000;RESTITUIÇÕES;Analítica;;
3.3.91.96.00.00.00.0000;RESSARCIMENTO DE DESPESAS DE PESSOAL REQUISITADO ;Sintética;;
3.3.91.96.99.00.00.0000;OUTROS RESSARCIMENTOS DE DESPESAS DE PESSOAL REQUISITADO;Analítica;;
3.3.91.97.00.00.00.0000;APORTE PARA COBERTURA DO DÉFICIT ATUARIAL DO RPPS;Sintética;;
3.3.91.97.99.00.00.0000;OUTROS APORTES PARA COBERTURA DO DÉFICIT ATUARIAL DO RPPS;Analítica;;
3.3.92.00.00.00.00.0000;APLICAÇÃO DIRETA DE RECURSOS RECEBIDOS DE OUTROS ENTES DA FEDERAÇÃO DECORRENTES DE DELEGAÇÃO OU DESCENTRALIZAÇÃO;Sintética;;
3.3.92.14.00.00.00.0000;DIÁRIAS - CIVIL;Analítica;;
3.3.92.18.00.00.00.0000;AUXÍLIO FINANCEIRO A ESTUDANTES;Analítica;;
3.3.92.20.00.00.00.0000;AUXÍLIO FINANCEIRO A PESQUISADORES;Analítica;;
3.3.92.30.00.00.00.0000;MATERIAL DE CONSUMO;Sintética;;
3.3.92.32.00.00.00.0000;MATERIAL, BEM OU SERVIÇO PARA DISTRIBUIÇÃO GRATUITA;Sintética;;
3.3.92.33.00.00.00.0000;PASSAGENS E DESPESAS COM LOCOMOÇÃO ;Sintética;;
3.3.92.35.00.00.00.0000;SERVIÇOS DE CONSULTORIA;Sintética;;
3.3.92.36.00.00.00.0000;OUTROS SERVIÇOS DE TERCEIROS - PESSOA FÍSICA ;Sintética;;
3.3.92.39.00.00.00.0000;OUTRAS SERVIÇOS DE TERCEIROS - PESSOA JURÍDICA;Sintética;;
3.3.92.92.00.00.00.0000;DESPESAS DE EXERCÍCIOS ANTERIORES;Sintética;;
3.3.93.00.00.00.00.0000;APLICAÇÃO DIRETA DECORRENTE DE OPERAÇÃO DE ÓRGÃOS, FUNDOS E ENTIDADES INTEGRANTES DOS ORÇAMENTOS FISCAL E DA SEGURIDADE SOCIAL COM CONSÓRCIO PÚBLICO DO QUAL O ENTE PARTICIPE  ;Sintética;;
3.3.93.30.00.00.00.0000;MATERIAL DE CONSUMO;Sintética;;
3.3.93.32.00.00.00.0000;MATERIAL, BEM OU SERVIÇO PARA DISTRIBUIÇÃO GRATUITA ;Sintética;;
3.3.93.39.00.00.00.0000;OUTROS SERVIÇOS DE TERCEIROS - PESSOA JURÍDICA ;Sintética;;
3.3.94.00.00.00.00.0000;APLICAÇÃO DIRETA DECORRENTE DE OPERAÇÃO DE ÓRGÃOS, FUNDOS E ENTIDADES INTEGRANTES DOS ORÇAMENTOS FISCAL E DA SEGURIDADE SOCIAL COM CONSÓRCIO PÚBLICO DO QUAL O ENTE NÃO PARTICIPE;Sintética;;
3.3.94.30.00.00.00.0000;MATERIAL DE CONSUMO;Analítica;;
3.3.94.32.00.00.00.0000;MATERIAL, BEM OU SERVIÇO PARA DISTRIBUIÇÃO GRATUITA ;Analítica;;
3.3.94.39.00.00.00.0000;OUTROS SERVIÇOS DE TERCEIROS - PESSOA JURÍDICA;Analítica;;
3.3.95.00.00.00.00.0000;APLICAÇÃO DIRETA À CONTA DE RECURSOS DE QUE TRATAM OS §§ 1º  E 2º  DO ART. 24 DA LEI COMPLEMENTAR Nº 141, DE 2012;Sintética;;
3.3.95.04.00.00.00.0000;CONTRATAÇÃO POR TEMPO DETERMINADO;Analítica;;
3.3.95.08.00.00.00.0000;OUTROS BENEFÍCIOS ASSISTENCIAIS DO SERVIDOR OU DO MILITAR ;Analítica;;
3.3.95.14.00.00.00.0000;DIÁRIAS – CIVIL;Analítica;;
3.3.95.18.00.00.00.0000;AUXÍLIO FINANCEIRO A ESTUDANTES;Analítica;;
3.3.95.20.00.00.00.0000;AUXÍLIO FINANCEIRO A PESQUISADORES;Analítica;;
3.3.95.30.00.00.00.0000;MATERIAL DE CONSUMO;Analítica;;
3.3.95.31.00.00.00.0000;PREMIAÇÕES CULTURAIS, ARTÍSTICAS, CIENTÍFICAS, DESPORTIVAS E OUTRAS;Analítica;;
3.3.95.32.00.00.00.0000;MATERIAL, BEM OU SERVIÇO PARA DISTRIBUIÇÃO GRATUITA;Analítica;;
3.3.95.33.00.00.00.0000;PASSAGENS E DESPESAS COM LOCOMOÇÃO;Analítica;;
3.3.95.34.00.00.00.0000;OUTRAS DESPESAS DE PESSOAL DECORRENTES DE CONTRATO DE TERCEIRIZAÇÃO;Analítica;;
3.3.95.35.00.00.00.0000;SERVIÇOS DE CONSULTORIA;Analítica;;
3.3.95.36.00.00.00.0000;OUTROS SERVIÇOS DE TERCEIROS – PESSOA FÍSICA ;Analítica;;
3.3.95.37.00.00.00.0000; LOCAÇÃO DE MÃO DE OBRA;Analítica;;
3.3.95.38.00.00.00.0000;ARRENDAMENTO MERCANTIL;Analítica;;
3.3.95.39.00.00.00.0000;OUTROS SERVIÇOS DE TERCEIROS – PESSOA JURÍDICA ;Analítica;;
3.3.95.41.00.00.00.0000;CONTRIBUIÇÕES;Analítica;;
3.3.95.45.00.00.00.0000;SUBVENÇÕES ECONÔMICAS;Analítica;;
3.3.95.46.00.00.00.0000;AUXÍLIO-ALIMENTAÇÃO;Analítica;;
3.3.95.47.00.00.00.0000;OBRIGAÇÕES TRIBUTÁRIAS E CONTRIBUTIVAS;Analítica;;
3.3.95.48.00.00.00.0000;OUTROS AUXÍLIOS FINANCEIROS A PESSOAS FÍSICAS;Analítica;;
3.3.95.49.00.00.00.0000;AUXÍLIO-TRANSPORTE;Analítica;;
3.3.95.67.00.00.00.0000;DEPÓSITOS COMPULSÓRIOS;Analítica;;
3.3.95.91.00.00.00.0000;SENTENÇAS JUDICIAIS;Analítica;;
3.3.95.92.00.00.00.0000;DESPESAS DE EXERCÍCIOS ANTERIORES;Analítica;;
3.3.95.93.00.00.00.0000;INDENIZAÇÕES E RESTITUIÇÕES;Analítica;;
3.3.95.96.00.00.00.0000;RESSARCIMENTO DE DESPESAS DE PESSOAL REQUISITADO;Analítica;;
3.3.96.00.00.00.00.0000;APLICAÇÃO DIRETA À CONTA DE RECURSOS DE QUE TRATA O ART. 25 DA LEI COMPLEMENTAR Nº 141, DE 2012;Sintética;;
3.3.96.04.00.00.00.0000;CONTRATAÇÃO POR TEMPO DETERMINADO;Analítica;;
3.3.96.08.00.00.00.0000;OUTROS BENEFÍCIOS ASSISTENCIAIS DO SERVIDOR OU DO MILITAR ;Analítica;;
3.3.96.14.00.00.00.0000;DIÁRIAS – CIVIL;Analítica;;
3.3.96.18.00.00.00.0000;AUXÍLIO FINANCEIRO A ESTUDANTES;Analítica;;
3.3.96.20.00.00.00.0000;AUXÍLIO FINANCEIRO A PESQUISADORES;Analítica;;
3.3.96.30.00.00.00.0000;MATERIAL DE CONSUMO;Analítica;;
3.3.96.31.00.00.00.0000;PREMIAÇÕES CULTURAIS, ARTÍSTICAS, CIENTÍFICAS, DESPORTIVAS E OUTRAS;Analítica;;
3.3.96.32.00.00.00.0000;MATERIAL, BEM OU SERVIÇO PARA DISTRIBUIÇÃO GRATUITA;Analítica;;
3.3.96.33.00.00.00.0000;PASSAGENS E DESPESAS COM LOCOMOÇÃO;Analítica;;
3.3.96.34.00.00.00.0000;OUTRAS DESPESAS DE PESSOAL DECORRENTES DE CONTRATO DE TERCEIRIZAÇÃO;Analítica;;
3.3.96.35.00.00.00.0000;SERVIÇOS DE CONSULTORIA;Analítica;;
3.3.96.36.00.00.00.0000;OUTROS SERVIÇOS DE TERCEIROS – PESSOA FÍSICA ;Analítica;;
3.3.96.37.00.00.00.0000; LOCAÇÃO DE MÃO DE OBRA;Analítica;;
3.3.96.38.00.00.00.0000;ARRENDAMENTO MERCANTIL;Analítica;;
3.3.96.39.00.00.00.0000;OUTROS SERVIÇOS DE TERCEIROS – PESSOA JURÍDICA ;Analítica;;
3.3.96.41.00.00.00.0000;CONTRIBUIÇÕES;Analítica;;
3.3.96.45.00.00.00.0000;SUBVENÇÕES ECONÔMICAS;Analítica;;
3.3.96.46.00.00.00.0000;AUXÍLIO-ALIMENTAÇÃO;Analítica;;
3.3.96.47.00.00.00.0000;OBRIGAÇÕES TRIBUTÁRIAS E CONTRIBUTIVAS;Analítica;;
3.3.96.48.00.00.00.0000;OUTROS AUXÍLIOS FINANCEIROS A PESSOAS FÍSICAS;Analítica;;
3.3.96.49.00.00.00.0000;AUXÍLIO-TRANSPORTE;Analítica;;
3.3.96.67.00.00.00.0000;DEPÓSITOS COMPULSÓRIOS;Analítica;;
3.3.96.91.00.00.00.0000;SENTENÇAS JUDICIAIS;Analítica;;
3.3.96.92.00.00.00.0000;DESPESAS DE EXERCÍCIOS ANTERIORES;Analítica;;
3.3.96.93.00.00.00.0000;INDENIZAÇÕES E RESTITUIÇÕES;Analítica;;
3.3.96.96.00.00.00.0000;RESSARCIMENTO DE DESPESAS DE PESSOAL REQUISITADO;Analítica;;
4.0.00.00.00.00.00.0000;DESPESAS DE CAPITAL;Sintética;;
4.4.00.00.00.00.00.0000;INVESTIMENTOS;Sintética;;
4.4.20.00.00.00.00.0000;TRANSFERÊNCIAS A UNIÃO;Sintética;;
4.4.20.41.00.00.00.0000;CONTRIBUIÇÕES;Analítica;;
4.4.20.42.00.00.00.0000;AUXÍLIOS;Sintética;;
4.4.20.42.99.00.00.0000;DIVERSOS AUXÍLIOS A UNIÃO;Analítica;;
4.4.22.00.00.00.00.0000;EXECUÇÃO ORÇAMENTÁRIA DELEGADA À UNIÃO;Sintética;;
4.4.22.51.00.00.00.0000;OBRAS E INSTALAÇÕES;Analítica;;
4.4.22.52.00.00.00.0000;EQUIPAMENTOS E MATERIAL PERMANENTE;Analítica;;
4.4.22.92.00.00.00.0000;DESPESAS DE EXERCÍCIOS ANTERIORES;Analítica;;
4.4.22.93.00.00.00.0000;INDENIZAÇÕES E RESTITUIÇÕES ;Analítica;;
4.4.30.00.00.00.00.0000;TRANSFERÊNCIAS A ESTADOS E DISTRITO FEDERAL;Sintética;;
4.4.30.41.00.00.00.0000;CONTRIBUIÇÕES;Sintética;;
4.4.30.41.49.00.00.0000;AO ESTADO DO TOCANTINS;Analítica;;
4.4.30.41.99.00.00.0000;A OUTROS ESTADOS/DF;Analítica;;
4.4.30.42.00.00.00.0000;AUXÍLIOS;Sintética;;
4.4.30.42.49.00.00.0000;AO ESTADO DO TOCANTINS;Analítica;;
4.4.30.42.99.00.00.0000;A OUTROS ESTADOS/DF;Analítica;;
4.4.31.00.00.00.00.0000;TRANSFERÊNCIAS A ESTADOS E AO DISTRITO FEDERAL - FUNDO A FUNDO;Sintética;;
4.4.31.41.00.00.00.0000;CONTRIBUIÇÕES ;Analítica;;
4.4.31.42.00.00.00.0000;AUXÍLIOS ;Analítica;;
4.4.31.92.00.00.00.0000;DESPESAS DE EXERCÍCIOS ANTERIORES;Analítica;;
4.4.32.00.00.00.00.0000;EXECUÇÃO ORÇAMENTÁRIA DELEGADA A ESTADOS E AO DISTRITO FEDERAL;Sintética;;
4.4.32.20.00.00.00.0000;AUXÍLIO FINANCEIRO A PESQUISADORES;Analítica;;
4.4.32.51.00.00.00.0000;OBRAS E INSTALAÇÕES;Analítica;;
4.4.32.52.00.00.00.0000;EQUIPAMENTOS E MATERIAL PERMANENTE;Analítica;;
4.4.32.92.00.00.00.0000;DESPESAS DE EXERCÍCIOS ANTERIORES;Analítica;;
4.4.32.93.00.00.00.0000;INDENIZAÇÕES E RESTITUIÇÕES;Analítica;;
4.4.35.00.00.00.00.0000;TRANSFERÊNCIAS FUNDO A FUNDO AOS ESTADOS E AO DISTRITO FEDERAL À CONTA DE RECURSOS DE QUE TRATAM OS §§ 1° E 2° DO ART. 24 DA LEI COMPLEMENTAR N° 141, DE 2012;Sintética;;
4.4.35.41.00.00.00.0000;CONTRIBUIÇÕES;Analítica;;
4.4.35.42.00.00.00.0000;AUXÍLIOS;Analítica;;
4.4.35.92.00.00.00.0000;DESPESAS DE EXERCÍCIOS ANTERIORES;Analítica;;
4.4.36.00.00.00.00.0000;TRANSFERÊNCIAS FUNDO A FUNDO AOS ESTADOS E AO DISTRITO FEDERAL À CONTA DE RECURSOS DE QUE TRATA O ART. 25 DA LEI COMPLEMENTAR N° 141, DE 2012;Sintética;;
4.4.36.41.00.00.00.0000;CONTRIBUIÇÕES;Analítica;;
4.4.36.42.00.00.00.0000;AUXÍLIOS;Analítica;;
4.4.36.92.00.00.00.0000;DESPESAS DE EXERCÍCIOS ANTERIORES ;Analítica;;
4.4.40.00.00.00.00.0000;TRANSFERÊNCIAS A MUNICÍPIOS;Sintética;;
4.4.40.41.00.00.00.0000;CONTRIBUIÇÕES;Sintética;;
4.4.40.41.48.00.00.0000;A MUNICÍPIOS DO ESTADO DO TOCANTINS;Analítica;;
4.4.40.42.00.00.00.0000;AUXÍLIOS;Sintética;;
4.4.40.42.48.00.00.0000;A MUNICÍPIOS DO ESTADO DO TOCANTINS;Analítica;;
4.4.40.92.00.00.00.0000;DESPESAS EXERCÍCIOS ANTERIORES;Sintética;;
4.4.41.00.00.00.00.0000;TRANSFERÊNCIAS A MUNICÍPIOS - FUNDO A FUNDO;Sintética;;
4.4.41.41.00.00.00.0000;CONTRIBUIÇÕES;Analítica;;
4.4.41.42.00.00.00.0000;AUXÍLIOS;Analítica;;
4.4.41.92.00.00.00.0000;DESPESAS DE EXERCÍCIOS ANTERIORES;Analítica;;
4.4.42.00.00.00.00.0000;EXECUÇÃO ORÇAMENTÁRIA DELEGADA A MUNICÍPIOS;Sintética;;
4.4.42.14.00.00.00.0000;DIÁRIAS - CIVIL;Analítica;;
4.4.42.51.00.00.00.0000;OBRAS E INSTALAÇÕES;Analítica;;
4.4.42.52.00.00.00.0000;EQUIPAMENTOS E MATERIAL PERMANENTE;Analítica;;
4.4.42.92.00.00.00.0000;DESPESAS DE EXERCÍCIOS ANTERIORES;Analítica;;
4.4.45.00.00.00.00.0000;TRANSFERÊNCIAS FUNDO A FUNDO AOS MUNICÍPIOS À CONTA DE RECURSOS DE QUE TRATAM OS §§ 1° E 2° DO ART. 24 DA LEI COMPLEMENTAR N° 141, DE 2012;Sintética;;
4.4.45.41.00.00.00.0000;CONTRIBUIÇÕES ;Analítica;;
4.4.45.42.00.00.00.0000;AUXÍLIOS;Analítica;;
4.4.45.92.00.00.00.0000;DESPESAS DE EXERCÍCIOS ANTERIORES;Analítica;;
4.4.46.00.00.00.00.0000;TRANSFERÊNCIAS FUNDO A FUNDO AOS MUNICÍPIOS À CONTA DE RECURSOS DE QUE TRATA O ART. 25 DA LEI COMPLEMENTAR N 141, DE 2012;Sintética;;
4.4.46.41.00.00.00.0000;CONTRIBUIÇÕES;Analítica;;
4.4.46.42.00.00.00.0000;AUXÍLIOS;Analítica;;
4.4.46.92.00.00.00.0000;DESPESAS DE EXERCÍCIOS ANTERIORES;Analítica;;
4.4.50.00.00.00.00.0000;TRANSFERÊNCIAS A INSTITUIÇÕES PRIVADAS SEM FINS LUCRATIVOS;Sintética;;
4.4.50.14.00.00.00.0000;DIÁRIAS - CIVIL;Analítica;;
4.4.50.30.00.00.00.0000;MATERIAL DE CONSUMO;Analítica;;
4.4.50.36.00.00.00.0000;OUTROS SERVIÇOS DE TERCEIROS - PESSOAS FÍSICA;Analítica;;
4.4.50.39.00.00.00.0000;OUTROS SERVIÇOS DE TERCEIROS-PESSOA JURÍDICA;Sintética;;
4.4.50.39.01.00.00.0000;INSTITUIÇÕES DE CARÁTER ASSISTENCIAL, CULTURAL  E EDUCACIONAL;Analítica;;
4.4.50.39.02.00.00.0000;INSTITUIÇÕES DE CARÁTER INDÚSTRIAL;Analítica;;
4.4.50.41.00.00.00.0000;CONTRIBUIÇÕES;Sintética;;
4.4.50.41.01.00.00.0000;INSTITUIÇÕES DE CARÁTER ASSISTENCIAL, CULTURAL OU EDUCACIONAL;Analítica;;
4.4.50.41.02.00.00.0000;INSTITUIÇÕES DE CARÁTER COMERCIAL OU FINANCEIRO;Analítica;;
4.4.50.41.08.00.00.0000;ENTIDADES REPRESENTATIVAS DE CLASSE;Analítica;;
4.4.50.41.99.00.00.0000;OUTRAS INSTITUIÇÕES PRIVADAS;Analítica;;
4.4.50.42.00.00.00.0000;AUXÍLIOS;Sintética;;
4.4.50.42.01.00.00.0000;INSTITUIÇÕES DE CARÁTER ASSISTENCIAL OU CULTURAL;Analítica;;
4.4.50.42.02.00.00.0000;INSTITUIÇÕES DE PESQUISA E DESENVOLVIMENTO TECNOLÓGICO;Analítica;;
4.4.50.42.99.00.00.0000;OUTRAS INSTITUIÇÕES PRIVADAS;Analítica;;
4.4.50.47.00.00.00.0000;OBRIGAÇÕES TRIBUTÁRIAS E CONTRIBUTIVAS;Analítica;;
4.4.50.51.00.00.00.0000;OBRAS E INSTALAÇÕES;Analítica;;
4.4.50.52.00.00.00.0000;EQUIPAMENTOS E MATERIAL PERMANENTE;Analítica;;
4.4.70.00.00.00.00.0000;TRANSFERÊNCIAS A INSTITUIÇÕES MULTIGOVERNAMENTAIS;Sintética;;
4.4.70.41.00.00.00.0000;CONTRIBUIÇÕES;Sintética;;
4.4.70.41.99.00.00.0000;OUTRAS CONTRIBUIÇÕES;Sintética;;
4.4.70.41.99.01.00.0000;CONTRIBUIÇÕES PARA CONSÓRCIOS;Analítica;;
4.4.70.42.00.00.00.0000;AUXÍLIOS;Sintética;;
4.4.70.42.99.00.00.0000;OUTROS AUXÍLIOS;Analítica;;
4.4.71.00.00.00.00.0000;TRANSFERÊNCIAS A CONSÓRCIOS PÚBLICOS MEDIANTE CONTRATO DE RATEIO;Sintética;;
4.4.71.70.00.00.00.0000;RATEIO PELA PARTICIPAÇÃO EM CONSÓRCIO PÚBLICO;Sintética;;
4.4.71.70.99.00.00.0000;RATEIO PELA PARTICIPAÇÃO EM CONSÓRCIO PÚBLICO;Analítica;;
4.4.72.00.00.00.00.0000;EXECUÇÃO ORÇAMENTARIA DELEGADA A CONSÓCIOS PÚBLICOS;Sintética;;
4.4.73.00.00.00.00.0000;TRANSFERÊNCIAS A CONSÓRCIOS PÚBLICOS MEDIANTE CONTRATO DE RATEIO À CONTA DE RECURSOS DE QUE TRATAM OS §§ 1º E 2º DO ART. 24 DA LEI COMPLEMENTAR Nº 141, DE 2012.;Sintética;;
4.4.73.70.00.00.00.0000;RATEIO PELA PARTICIPAÇÃO EM CONSÓRCIO PÚBLICO;Sintética;;
4.4.73.70.99.00.00.0000;RATEIO PELA PARTICIPAÇÃO EM CONSÓRCIO PÚBLICO;Analítica;;
4.4.74.00.00.00.00.0000;TRANSFERÊNCIAS A CONSÓRCIOS PÚBLICOS MEDIANTE CONTRATO DE RATEIO À CONTA DE RECURSOS DE QUE TRATA O ART. 25 DA LEI COMPLEMENTAR Nº 141, DE 2012.;Sintética;;
4.4.74.70.00.00.00.0000;RATEIO PELA PARTICIPAÇÃO EM CONSÓRCIO PÚBLICO;Sintética;;
4.4.74.70.99.00.00.0000;RATEIO PELA PARTICIPAÇÃO EM CONSÓRCIO PÚBLICO;Analítica;;
4.4.75.00.00.00.00.0000;TRANSFERÊNCIAS A INSTITUIÇÕES MULTIGOVERNAMENTAIS À CONTA DE RECURSOS DE QUE TRATAM OS §§1° E 2° DO ART. 24 DA LEI COMPLEMENTAR N° 141, DE 2012 ;Sintética;;
4.4.75.41.00.00.00.0000;CONTRIBUIÇÕES;Analítica;;
4.4.75.42.00.00.00.0000;AUXÍLIOS;Analítica;;
4.4.76.00.00.00.00.0000;TRANSFERÊNCIAS A INSTITUIÇÕES MULTIGOVERNAMENTAIS À CONTA DE RECURSOS DE QUE TRATA O ART. 25 DA LEI COMPLEMENTAR N° 141, DE 2012;Sintética;;
4.4.76.41.00.00.00.0000;CONTRIBUIÇÕES;Analítica;;
4.4.76.42.00.00.00.0000;AUXÍLIOS;Analítica;;
4.4.80.00.00.00.00.0000;TRANSFERÊNCIAS AO EXTERIOR ;Sintética;;
4.4.80.41.00.00.00.0000;CONTRIBUIÇÕES ;Analítica;;
4.4.80.42.00.00.00.0000;AUXÍLIOS;Analítica;;
4.4.80.51.00.00.00.0000;OBRAS E INSTALAÇÕES;Analítica;;
4.4.80.52.00.00.00.0000;EQUIPAMENTOS E MATERIAL PERMANENTE;Analítica;;
4.4.90.00.00.00.00.0000;APLICAÇÕES DIRETAS;Sintética;;
4.4.90.04.00.00.00.0000;CONTRATAÇÃO POR TEMPO DETERMINADO;Analítica;;
4.4.90.14.00.00.00.0000;DIÁRIAS - PESSOAL CIVIL;Sintética;;
4.4.90.14.14.00.00.0000;DIÁRIAS NO PAIS;Analítica;;
4.4.90.14.16.00.00.0000;DIÁRIAS NO EXTERIOR;Analítica;;
4.4.90.14.99.00.00.0000;OUTRAS DIÁRIAS;Analítica;;
4.4.90.15.00.00.00.0000;DIÁRIAS - MILITAR;Analítica;;
4.4.90.17.00.00.00.0000;OUTRAS DESPESAS VARIÁVEIS - PESSOAL MILITAR;Analítica;;
4.4.90.18.00.00.00.0000;AUXÍLIO FINANCEIRO A ESTUDANTES;Sintética;;
4.4.90.18.01.00.00.0000;BOLSAS DE ESTUDO NO PAÍS;Analítica;;
4.4.90.20.00.00.00.0000;AUXÍLIO FINANCEIRO A PESQUISADORES;Analítica;;
4.4.90.30.00.00.00.0000;MATERIAL DE CONSUMO;Sintética;;
4.4.90.30.16.00.00.0000;MATERIAL DE EXPEDIENTE;Analítica;;
4.4.90.30.17.00.00.0000;MATERIAL DE TIC (CONSUMO);Analítica;;
4.4.90.30.24.00.00.0000;MATERIAL DE CONSTRUÇÃO;Analítica;;
4.4.90.30.25.00.00.0000;MATERIAL PARA  MANUTENÇÃO DE BENS MÓVEIS;Analítica;;
4.4.90.30.29.00.00.0000;MATERIAL PARA ÁUDIO, VÍDEO E FOTO;Analítica;;
4.4.90.30.39.00.00.0000;MATERIAL PARA  MANUTENÇÃO DE VEÍCULOS;Analítica;;
4.4.90.30.99.00.00.0000;OUTROS MATERIAIS DE CONSUMO;Analítica;;
4.4.90.33.00.00.00.0000;PASSAGENS E DESPESAS COM LOCOMOÇÃO;Analítica;;
4.4.90.35.00.00.00.0000;SERVIÇOS DE CONSULTORIA;Sintética;;
4.4.90.35.04.00.00.0000;CONSULTORIA EM TECNOLOGIA DA INFORMAÇÃO E COMUNICAÇÃO;Analítica;;
4.4.90.35.99.00.00.0000;OUTROS SERVIÇOS DE CONSULTORIA;Analítica;;
4.4.90.36.00.00.00.0000;OUTROS SERVIÇOS DE TERCEIROS - PESSOA FÍSICA;Sintética;;
4.4.90.36.45.00.00.0000;DESENVOLVIMENTO DE SOFTWARE;Analítica;;
4.4.90.36.46.00.00.0000;AQUISIÇÃO DE SOFTWARE;Analítica;;
4.4.90.36.54.00.00.0000;MELHORIA, MANUTENÇÃO E SUPORTE DE EQUIPAMENTOS DE TIC;Analítica;;
4.4.90.36.57.00.00.0000;SERVIÇOS TÉCNICOS PROFISSIONAIS DE TIC;Analítica;;
4.4.90.36.99.00.00.0000;OUTROS SERVIÇOS DE TERCEIROS - PESSOA FÍSICA;Analítica;;
4.4.90.37.00.00.00.0000;LOCAÇÃO DE MÃO DE OBRA;Sintética;;
4.4.90.37.99.00.00.0000;OUTRAS LOCAÇÕES DE MÃO DE OBRA;Analítica;;
4.4.90.39.00.00.00.0000;OUTROS SERVIÇOS DE TERCEIROS - PESSOA JURÍDICA;Sintética;;
4.4.90.39.99.00.00.0000;OUTROS SERVIÇOS DE TERCEIROS-PESSOA JURÍDICA;Analítica;;
4.4.90.40.00.00.00.0000;SERVIÇOS DE TECNOLOGIA DA INFORMAÇÃO E COMUNICAÇÃO - PESSOA JURÍDICA;Sintética;;
4.4.90.40.01.00.00.0000;DESENVOLVIMENTO DE SOFTWARE;Analítica;;
4.4.90.40.02.00.00.0000;MANUTENÇÃO EVOLUTIVA DE SOFTWARE;Analítica;;
4.4.90.40.03.00.00.0000;SERVIÇOS TÉCNICOS PROFISSIONAIS DE TIC;Analítica;;
4.4.90.40.04.00.00.0000;MELHORIA, MANUTENÇÃO E SUPORTE DE EQUIPAMENTOS DE TIC;Analítica;;
4.4.90.40.05.00.00.0000;AQUISIÇÃO DE SOFTWARE PRONTO;Analítica;;
4.4.90.40.06.00.00.0000;AQUISIÇÃO DE SOFTWARE SOB ENCOMENDA OU CUSTOMIZADOS;Analítica;;
4.4.90.40.07.00.00.0000;SERVIÇOS DE TIC - PJ DE CARÁTER SECRETO OU RESERVADO;Analítica;;
4.4.90.40.96.00.00.0000;SERVIÇOS DE TIC – PAGAMENTO ANTECIPADO;Analítica;;
4.4.90.47.00.00.00.0000;OBRIGAÇÕES TRIBUTÁRIAS E CONTRIBUTIVAS;Sintética;;
4.4.90.47.99.00.00.0000;OUTRAS OBRIGAÇÕES TRIBUTÁRIAS E CONTRIBUTIVAS;Analítica;;
4.4.90.51.00.00.00.0000;OBRAS E INSTALAÇÕES;Sintética;;
4.4.90.51.80.00.00.0000;ESTUDOS E PROJETOS;Analítica;;
4.4.90.51.91.00.00.0000;OBRAS EM ANDAMENTO;Analítica;;
4.4.90.51.92.00.00.0000;INSTALAÇÕES;Analítica;;
4.4.90.51.93.00.00.0000;BENFEITORIAS EM PROPRIEDADES DE TERCEIROS;Analítica;;
4.4.90.51.96.00.00.0000;ALMOXARIFADO DE OBRAS;Analítica;;
4.4.90.51.99.00.00.0000;OUTRAS OBRAS E INSTALAÇÕES;Analítica;;
4.4.90.52.00.00.00.0000;EQUIPAMENTOS E MATERIAL PERMANENTE;Sintética;;
4.4.90.52.02.00.00.0000;AERONAVES;Analítica;;
4.4.90.52.04.00.00.0000;APARELHOS DE MEDIÇÃO E ORIENTAÇÃO;Analítica;;
4.4.90.52.06.00.00.0000;APARELHOS E EQUIPAMENTOS DE COMUNICAÇÃO;Analítica;;
4.4.90.52.08.00.00.0000;APARELHOS, EQUIPAMENTOS E UTENSÍLIOS MÉDICOS, ODONTOLÓGICOS, LABORATORIAIS E HOSPITALARES;Analítica;;
4.4.90.52.10.00.00.0000;APARELHOS E EQUIPAMENTOS PARA ESPORTES E DIVERSOES;Analítica;;
4.4.90.52.12.00.00.0000;APARELHOS E UTENSÍLIOS DOMÉSTICOS;Analítica;;
4.4.90.52.14.00.00.0000;ARMAMENTOS;Analítica;;
4.4.90.52.18.00.00.0000;COLEÇÕES E MATERIAIS BIBLIOGRÁFICOS;Analítica;;
4.4.90.52.19.00.00.0000;DISCOTECAS E FILMOTECAS;Analítica;;
4.4.90.52.20.00.00.0000;EMBARCAÇÕES;Analítica;;
4.4.90.52.22.00.00.0000;EQUIPAMENTOS DE MANOBRA E PATRULHAMENTO;Analítica;;
4.4.90.52.24.00.00.0000;EQUIPAMENTO DE PROTEÇÃO, SEGURANÇA E SOCORRO;Analítica;;
4.4.90.52.26.00.00.0000;INSTRUMENTOS MUSICAIS E ARTÍSTICOS;Analítica;;
4.4.90.52.28.00.00.0000;MÁQUINAS E EQUIPAMENTOS DE NATUREZA INDÚSTRIAL;Analítica;;
4.4.90.52.30.00.00.0000;MÁQUINAS E EQUIPAMENTOS ENERGÉTICOS;Analítica;;
4.4.90.52.32.00.00.0000;MÁQUINAS E EQUIPAMENTOS GRÁFICOS;Analítica;;
4.4.90.52.33.00.00.0000;EQUIPAMENTOS PARA ÁUDIO, VÍDEO E FOTO;Analítica;;
4.4.90.52.34.00.00.0000;MÁQUINAS, UTENSÍLIOS E EQUIPAMENTOS DIVERSOS;Analítica;;
4.4.90.52.35.00.00.0000;MATERIAL DE TIC (PERMANENTE);Analítica;;
4.4.90.52.36.00.00.0000;MÁQUINAS, INSTALAÇÕES E UTENSÍLIOS DE ESCRITÓRIO;Analítica;;
4.4.90.52.37.00.00.0000;EQUIPAMENTOS DE TIC - ATIVOS DE REDE;Analítica;;
4.4.90.52.38.00.00.0000;MÁQUINAS, FERRAMENTAS E UTENSÍLIOS DE OFICINA;Analítica;;
4.4.90.52.39.00.00.0000;EQUIPAMENTOS E UTENSÍLIOS HIDRÁULICOS E ELÉTRICOS;Analítica;;
4.4.90.52.40.00.00.0000;MÁQUINAS E EQUIPAMENTOS AGRÍCOLAS E RODOVIÁRIOS;Analítica;;
4.4.90.52.41.00.00.0000;EQUIPAMENTOS DE TIC – COMPUTADORES;Analítica;;
4.4.90.52.42.00.00.0000;MOBILIÁRIO EM GERAL;Analítica;;
4.4.90.52.43.00.00.0000;EQUIPAMENTOS DE TIC - SERVIDORES/STORAGE;Analítica;;
4.4.90.52.44.00.00.0000;OBRAS DE ARTE E PEÇAS PARA EXPOSIÇÃO;Analítica;;
4.4.90.52.45.00.00.0000;EQUIPAMENTOS DE TIC - IMPRESSORAS;Analítica;;
4.4.90.52.46.00.00.0000;SEMOVENTES E EQUIPAMENTOS DE MONTARIA;Analítica;;
4.4.90.52.47.00.00.0000;EQUIPAMENTOS DE TIC - TELEFONIA;Analítica;;
4.4.90.52.48.00.00.0000;VEÍCULOS DIVERSOS;Analítica;;
4.4.90.52.50.00.00.0000;VEÍCULOS FERROVIÁRIOS;Analítica;;
4.4.90.52.51.00.00.0000;PEÇAS NÃO INCORPORÁVEIS A IMÓVEIS;Analítica;;
4.4.90.52.52.00.00.0000;VEÍCULOS DE TRAÇÃO MÊCANICA;Analítica;;
4.4.90.52.57.00.00.0000;ACESSÓRIOS PARA AUTOMÓVEIS;Analítica;;
4.4.90.52.58.00.00.0000;EQUIPAMENTOS DE MERGULHO E SALVAMENTO;Analítica;;
4.4.90.52.83.00.00.0000;EQUIPAMENTOS E SISTEMAS DE PROTEÇÃO E VIGILÂNCIA AMBIENTAL;Analítica;;
4.4.90.52.87.00.00.0000;MATERIAL DE CONSUMO DE USO DURADOURO;Analítica;;
4.4.90.52.96.00.00.0000;EQUIPAMENTO E MATERIAL PERMANENTE - PAGAMENTO ANTECIPADO;Analítica;;
4.4.90.52.99.00.00.0000;OUTROS MATERIAIS PERMANENTES;Analítica;;
4.4.90.61.00.00.00.0000;AQUISIÇÃO DE IMÓVEIS;Sintética;;
4.4.90.61.01.00.00.0000;EDIFÍCIOS - REALIZAÇÃO DE OBRAS;Analítica;;
4.4.90.61.03.00.00.0000;TERRENOS;Analítica;;
4.4.90.61.06.00.00.0000;SALAS E ESCRITÓRIOS;Analítica;;
4.4.90.61.07.00.00.0000;CASAS E APARTAMENTOS;Analítica;;
4.4.90.61.08.00.00.0000;ARMAZENS E SILOS;Analítica;;
4.4.90.61.99.00.00.0000;OUTRAS AQUISIÇÕES DE BENS IMÓVEIS;Analítica;;
4.4.90.91.00.00.00.0000;SENTENÇAS JUDICIAIS;Sintética;;
4.4.90.91.03.00.00.0000;LIMINARES EM MANDADOS DE SEGURANÇA;Analítica;;
4.4.90.91.05.00.00.0000;SENTENÇAS JUDICIAIS TRANSITADAS EM JULGADO;Analítica;;
4.4.90.91.99.00.00.0000;DIVERSAS SENTENÇAS;Analítica;;
4.4.90.92.00.00.00.0000;DESPESAS DE EXERCÍCIOS ANTERIORES;Sintética;;
4.4.90.92.01.00.00.0000;OBRAS E INSTALAÇÕES;Analítica;;
4.4.90.92.02.00.00.0000;EQUIPAMENTOS E MATERIAL PERMANENTE;Analítica;;
4.4.90.92.92.00.00.0000;MATERIAL DE CONSUMO;Analítica;;
4.4.90.92.99.00.00.0000;OUTRAS DESPESAS DE EXERCÍCIOS ANTERIORES;Analítica;;
4.4.90.93.00.00.00.0000;INDENIZAÇÕES E RESTITUIÇÕES;Sintética;;
4.4.90.93.01.00.00.0000;INDENIZAÇÃO;Analítica;;
4.4.90.93.02.00.00.0000;RESTITUIÇÕES;Analítica;;
4.4.90.93.03.00.00.0000;BENS MÓVEIS EM PODER DE TERCEIROS;Analítica;;
4.4.90.93.99.00.00.0000;DIVERSAS INDENIZAÇÕES E RESTITUIÇÕES;Analítica;;
4.4.90.95.00.00.00.0000;INDENIZAÇÃO PELA EXECUÇÃO TRABALHOS DE CAMPO;Sintética;;
4.4.91.00.00.00.00.0000;APLICAÇÃO DIRETA DECORRENTE DE OPERAÇÃO ENTRE ÓRGÃOS, FUNDOS E ENTIDADES INTEGRANTES DOS ORÇAMENTOS FISCAL E DA SEGURIDADE SOCIAL;Sintética;;
4.4.91.39.00.00.00.0000;OUTROS SERVIÇOS DE TERCEIROS - PESSOA JURÍDICA;Sintética;;
4.4.91.39.99.00.00.0000;OUTROS SERVIÇOS DE TERCEIROS - PESSOA JURÍDICA;Analítica;;
4.4.91.47.00.00.00.0000;OBRIGAÇÕES TRIBUTÁRIAS E CONTRIBUTIVAS;Sintética;;
4.4.91.47.99.00.00.0000;OUTRAS OBRIGAÇÕES TRIBUTÁRIAS E CONTRIBUTIVAS;Analítica;;
4.4.91.51.00.00.00.0000;OBRAS E INSTALAÇÕES;Sintética;;
4.4.91.51.99.00.00.0000;OUTRAS OBRAS E INSTALAÇÕES;Analítica;;
4.4.91.52.00.00.00.0000;EQUIPAMENTOS E MATERIAL PERMANENTE;Sintética;;
4.4.91.52.99.00.00.0000;OUTROS MATERIAIS PERMANENTES;Analítica;;
4.4.91.91.00.00.00.0000;SENTENÇAS JUDICIAIS ;Sintética;;
4.4.92.00.00.00.00.0000;APLICAÇÃO DIRETA DE RECURSOS RECEBIDOS DE OUTROS ENTES DA FEDERAÇÃO DECORRENTES DE DELEGAÇÃO OU DESCENTRALIZAÇÃO;Sintética;;
4.4.92.20.00.00.00.0000;AUXÍLIO FINANCEIRO A PESQUISADORES ;Sintética;;
4.4.92.51.00.00.00.0000;OBRAS E INSTALAÇOES ;Sintética;;
4.4.92.51.80.00.00.0000;ESTUDOS E PROJETOS;Analítica;;
4.4.92.51.91.00.00.0000;OBRAS EM ANDAMENTO;Analítica;;
4.4.92.51.92.00.00.0000;INSTALAÇÕES;Analítica;;
4.4.92.51.93.00.00.0000;BENFEITORIAS EM PROPRIEDADES DE TERCEIROS;Analítica;;
4.4.92.51.96.00.00.0000;ALMOXARIFADO DE OBRAS;Analítica;;
4.4.92.51.99.00.00.0000;OUTRAS OBRAS E INSTALAÇÕES;Analítica;;
4.4.92.52.00.00.00.0000;EQUIPAMENTOS E MATERIAL PERMANENTE;Sintética;;
4.4.92.52.02.00.00.0000;AERONAVES;Analítica;;
4.4.92.52.04.00.00.0000;APARELHOS DE MEDIÇÃO E ORIENTAÇÃO;Analítica;;
4.4.92.52.06.00.00.0000;APARELHOS E EQUIPAMENTOS DE COMUNICAÇÃO;Analítica;;
4.4.92.52.08.00.00.0000;APARELHOS, EQUIPAMENTOS E UTENSÍLIOS MÉDICOS, ODONTOLÓGICOS, LABORATORIAIS E HOSPITALARES;Analítica;;
4.4.92.52.10.00.00.0000;APARELHOS E EQUIPAMENTOS PARA ESPORTES E DIVERSOES;Analítica;;
4.4.92.52.12.00.00.0000;APARELHOS E UTENSÍLIOS DOMÉSTICOS;Analítica;;
4.4.92.52.14.00.00.0000;ARMAMENTOS;Analítica;;
4.4.92.52.18.00.00.0000;COLEÇÕES E MATERIAIS BIBLIOGRÁFICOS;Analítica;;
4.4.92.52.19.00.00.0000;DISCOTECAS E FILMOTECAS;Analítica;;
4.4.92.52.20.00.00.0000;EMBARCAÇÕES;Analítica;;
4.4.92.52.22.00.00.0000;EQUIPAMENTOS DE MANOBRA E PATRULHAMENTO;Analítica;;
4.4.92.52.24.00.00.0000;EQUIPAMENTO DE PROTEÇÃO, SEGURANÇA E SOCORRO;Analítica;;
4.4.92.52.26.00.00.0000;INSTRUMENTOS MUSICAIS E ARTÍSTICOS;Analítica;;
4.4.92.52.28.00.00.0000;MÁQUINAS E EQUIPAMENTOS DE NATUREZA INDÚSTRIAL;Analítica;;
4.4.92.52.30.00.00.0000;MÁQUINAS E EQUIPAMENTOS ENERGÉTICOS;Analítica;;
4.4.92.52.32.00.00.0000;MÁQUINAS E EQUIPAMENTOS GRÁFICOS;Analítica;;
4.4.92.52.33.00.00.0000;EQUIPAMENTOS PARA ÁUDIO, VÍDEO E FOTO;Analítica;;
4.4.92.52.34.00.00.0000;MÁQUINAS, UTENSÍLIOS E EQUIPAMENTOS DIVERSOS;Analítica;;
4.4.92.52.35.00.00.0000;EQUIPAMENTOS DE PROCESSAMENTO DE DADOS;Analítica;;
4.4.92.52.36.00.00.0000;MÁQUINAS, INSTALAÇÕES E UTENSÍLIOS DE ESCRITÓRIO;Analítica;;
4.4.92.52.38.00.00.0000;MÁQUINAS, FERRAMENTAS E UTENSÍLIOS DE OFICINA;Analítica;;
4.4.92.52.39.00.00.0000;EQUIPAMENTOS E UTENSÍLIOS HIDRÁULICOS E ELÉTRICOS;Analítica;;
4.4.92.52.40.00.00.0000;MÁQUINAS E EQUIPAMENTOS AGRÍCOLAS E RODOVIÁRIOS;Analítica;;
4.4.92.52.42.00.00.0000;MOBILIÁRIO EM GERAL;Analítica;;
4.4.92.52.44.00.00.0000;OBRAS DE ARTE E PEÇAS PARA EXPOSIÇÃO;Analítica;;
4.4.92.52.46.00.00.0000;SEMOVENTES E EQUIPAMENTOS DE MONTARIA;Analítica;;
4.4.92.52.48.00.00.0000;VEÍCULOS DIVERSOS;Analítica;;
4.4.92.52.50.00.00.0000;VEÍCULOS FERROVIÁRIOS;Analítica;;
4.4.92.52.51.00.00.0000;PEÇAS NÃO INCORPORÁVEIS A IMÓVEIS;Analítica;;
4.4.92.52.52.00.00.0000;VEÍCULOS DE TRAÇÃO MÊCANICA;Analítica;;
4.4.92.52.57.00.00.0000;ACESSÓRIOS PARA AUTOMÓVEIS;Analítica;;
4.4.92.52.58.00.00.0000;EQUIPAMENTOS DE MERGULHO E SALVAMENTO;Analítica;;
4.4.92.52.83.00.00.0000;EQUIPAMENTOS E SISTEMAS DE PROTEÇÃO E VIGILÂNCIA AMBIENTAL;Analítica;;
4.4.92.52.87.00.00.0000;MATERIAL DE CONSUMO DE USO DURADOURO;Analítica;;
4.4.92.52.96.00.00.0000;EQUIPAMENTO E MATERIAL PERMANENTE - PAGAMENTO ANTECIPADO;Analítica;;
4.4.92.52.99.00.00.0000;OUTROS MATERIAIS PERMANENTES;Analítica;;
4.4.93.00.00.00.00.0000;APLICAÇÃO DIRETA DECORRENTE DE OPERAÇÃO DE ÓRGÃOS, FUNDOS E ENTIDADES INTEGRANTES DOS ORÇAMENTOS FISCAL E DA SEGURIDADE SOCIAL COM CONSÓRCIO PÚBLICO DO QUAL O ENTE PARTICIPE ;Sintética;;
4.4.93.51.00.00.00.0000;OBRAS E INSTALAÇÕES;Sintética;;
4.4.93.52.00.00.00.0000;EQUIPAMENTOS E MATERIAL PERMANENTE;Sintética;;
4.4.94.00.00.00.00.0000;APLICAÇÃO DIRETA DECORRENTE DE OPERAÇÃO DE ÓRGÃOS, FUNDOS E ENTIDADES INTEGRANTES DOS ORÇAMENTOS FISCAL E DA SEGURIDADE SOCIAL COM CONSÓRCIO PÚBLICO DO QUAL O ENTE NÃO PARTICIPE;Sintética;;
4.4.94.51.00.00.00.0000;OBRAS E INSTALAÇÕES;Analítica;;
4.4.94.52.00.00.00.0000;EQUIPAMENTOS E MATERIAL PERMANENTE;Analítica;;
4.4.95.00.00.00.00.0000;APLICAÇÃO DIRETA À CONTA DE RECURSOS DE QUE TRATAM OS §§ 1º E 2º DO ART. 24 DA LEI COMPLEMENTAR Nº 141, DE 2012;Sintética;;
4.4.95.51.00.00.00.0000;OBRAS E INSTALAÇÕES;Analítica;;
4.4.95.52.00.00.00.0000;EQUIPAMENTOS E MATERIAL PERMANENTE;Analítica;;
4.4.95.61.00.00.00.0000;AQUISIÇÃO DE IMÓVEIS;Analítica;;
4.4.95.91.00.00.00.0000;SENTENÇAS JUDICIAIS;Analítica;;
4.4.95.92.00.00.00.0000;DESPESAS DE EXERCÍCIOS ANTERIORES;Analítica;;
4.4.95.93.00.00.00.0000;INDENIZAÇÕES E RESTITUIÇÕES;Analítica;;
4.4.96.00.00.00.00.0000;APLICAÇÃO DIRETA À CONTA DE RECURSOS DE QUE TRATA O ART. 25 DA LEI COMPLEMENTAR Nº 141, DE 2012;Sintética;;
4.4.96.51.00.00.00.0000;OBRAS E INSTALAÇÕES;Analítica;;
4.4.96.52.00.00.00.0000;EQUIPAMENTOS E MATERIAL PERMANENTE;Analítica;;
4.4.96.61.00.00.00.0000;AQUISIÇÃO DE IMÓVEIS;Analítica;;
4.4.96.91.00.00.00.0000;SENTENÇAS JUDICIAIS;Analítica;;
4.4.96.92.00.00.00.0000;DESPESAS DE EXERCÍCIOS ANTERIORES;Analítica;;
4.4.96.93.00.00.00.0000;INDENIZAÇÕES E RESTITUIÇÕES;Analítica;;
4.5.00.00.00.00.00.0000;INVERSÕES FINANCEIRAS;Sintética;;
4.5.30.00.00.00.00.0000;TRANSFERÊNCIAS A ESTADOS E AO DISTRITO FEDERAL;Sintética;;
4.5.30.41.00.00.00.0000;CONTRIBUIÇÕES;Analítica;;
4.5.30.42.00.00.00.0000;AUXÍLIOS;Analítica;;
4.5.32.00.00.00.00.0000;EXECUÇÃO ORÇAMENTÁRIA DELEGADA A ESTADOS E AO DISTRITO FEDERAL;Sintética;;
4.5.32.61.00.00.00.0000;AQUISIÇÃO DE IMÓVEIS;Analítica;;
4.5.32.64.00.00.00.0000;AQUISIÇÃO DE TÍTULOS REPRESENTATIVOS DE CAPITAL JÁ INTEGRALIZADO;Analítica;;
4.5.32.65.00.00.00.0000;CONSTITUIÇÃO OU AUMENTO DE CAPITAL DE EMPRESAS;Analítica;;
4.5.32.66.00.00.00.0000;CONCESSÃO DE EMPRÉSTIMOS E FINANCIAMENTOS;Analítica;;
4.5.40.00.00.00.00.0000;TRANSFERÊNCIAS A MUNICÍPIOS;Sintética;;
4.5.40.41.00.00.00.0000;CONTRIBUIÇÕES;Analítica;;
4.5.40.42.00.00.00.0000;AUXÍLIOS;Sintética;;
4.5.40.42.99.00.00.0000;OUTROS AUXÍLIOS;Analítica;;
4.5.41.00.00.00.00.0000;TRANSFERÊNCIAS A MUNICÍPIOS - FUNDO A FUNDO;Sintética;;
4.5.41.41.00.00.00.0000;CONTRIBUIÇÕES - FUNDO A FUNDO;Analítica;;
4.5.41.42.00.00.00.0000;AUXÍLIOS - TRANSFERENCIAS FUNDO A FUNDO;Analítica;;
4.5.42.00.00.00.00.0000;Execução Orçamentária Delegada a Municípios;Sintética;;
4.5.42.64.00.00.00.0000;AQUISIÇÃO DE TÍTULOS REPRESENTATIVOS DE CAPITAL JÁ INTEGRALIZADO ;Analítica;;
4.5.42.66.00.00.00.0000;CONCESSÃO DE EMPRÉSTIMOS E FINANCIAMENTOS ;Analítica;;
4.5.50.00.00.00.00.0000;TRANSFERÊNCIAS A INSTITUIÇÕES PRIVADAS SEM FINS LUCRATIVOS;Sintética;;
4.5.50.66.00.00.00.0000;CONCESSÃO DE EMPRÉSTIMOS E FINANCIAMENTOS;Analítica;;
4.5.70.00.00.00.00.0000;TRANSFERÊNCIAS A INSTITUIÇÕES MULTIGOVERNAMENTAIS;Sintética;;
4.5.70.41.00.00.00.0000;CONTRIBUIÇÕES ;Analítica;;
4.5.70.42.00.00.00.0000;AUXÍLIOS ;Analítica;;
4.5.71.00.00.00.00.0000;TRANSFERÊNCIAS A CONSÓRCIOS PÚBLICOS MEDIANTE CONTRATO DE RATEIO;Sintética;;
4.5.71.70.00.00.00.0000;RATEIO PELA PARTICIPAÇÃO EM CONSÓRSIO PÚBLICO ;Sintética;;
4.5.71.70.99.00.00.0000;RATEIO PELA PARTICIPAÇÃO EM CONSÓRSIO PÚBLICO ;Analítica;;
4.5.72.00.00.00.00.0000;EXECUÇÃO ORÇAMENTARIA DELEGADA A CONSÓCIOS PÚBLICOS;Sintética;;
4.5.73.00.00.00.00.0000;TRANSFERÊNCIAS A CONSÓRCIOS PÚBLICOS MEDIANTE CONTRATO DE RATEIO À CONTA DE RECURSOS DE QUE TRATAM OS §§ 1º E 2º DO ART. 24 DA LEI COMPLEMENTAR Nº 141, DE 2012.;Sintética;;
4.5.73.70.00.00.00.0000;RATEIO PELA PARTICIPAÇÃO EM CONSÓRCIO PÚBLICO;Sintética;;
4.5.73.70.99.00.00.0000;RATEIO PELA PARTICIPAÇÃO EM CONSÓRCIO PÚBLICO;Analítica;;
4.5.74.00.00.00.00.0000;TRANSFERÊNCIAS A CONSÓRCIOS PÚBLICOS MEDIANTE CONTRATO DE RATEIO À CONTA DE RECURSOS DE QUE TRATA O ART. 25 DA LEI COMPLEMENTAR Nº 141, DE 2012.;Sintética;;
4.5.74.70.00.00.00.0000;RATEIO PELA PARTICIPAÇÃO EM CONSÓRCIO PÚBLICO;Sintética;;
4.5.74.70.99.00.00.0000;RATEIO PELA PARTICIPAÇÃO EM CONSÓRCIO PÚBLICO;Analítica;;
4.5.80.00.00.00.00.0000;TRANSFERÊNCIAS AO EXTERIOR ;Sintética;;
4.5.80.66.00.00.00.0000;CONCESSÃO DE EMPRÉSTIMOS E FINANCIAMENTOS;Analítica;;
4.5.90.00.00.00.00.0000;APLICAÇÕES DIRETAS;Sintética;;
4.5.90.27.00.00.00.0000;ENCARGOS PELA HONRA DE AVAIS, GARANTIAS, SEGUROS E SIMILARES;Analítica;;
4.5.90.61.00.00.00.0000;AQUISIÇÃO DE IMÓVEIS;Sintética;;
4.5.90.61.01.00.00.0000;EDIFÍCIOS;Analítica;;
4.5.90.61.02.00.00.0000;GLEBAS E FAZENDAS;Analítica;;
4.5.90.61.03.00.00.0000;TERRENOS;Analítica;;
4.5.90.61.04.00.00.0000;FLORESTAS;Analítica;;
4.5.90.61.06.00.00.0000;SALAS E ESCRITÓRIOS;Analítica;;
4.5.90.61.07.00.00.0000;CASAS E APARTAMENTOS;Analítica;;
4.5.90.61.08.00.00.0000;ARMAZÉNS E SILOS;Analítica;;
4.5.90.61.91.00.00.0000;OBRAS EM ANDAMENTO;Analítica;;
4.5.90.61.92.00.00.0000;INSTALAÇÕES;Analítica;;
4.5.90.61.99.00.00.0000;OUTROS BENS IMÓVEIS;Analítica;;
4.5.90.62.00.00.00.0000;AQUISIÇÃO DE  PRODUTOS PARA REVENDA;Sintética;;
4.5.90.62.99.00.00.0000;OUTROS BENS PARA REVENDA;Analítica;;
4.5.90.63.00.00.00.0000;AQUISIÇÃO DE TÍTULOS DE CRÉDITO;Sintética;;
4.5.90.63.99.00.00.0000;DIVERSAS AQUISIÇÕES DE TÍTULOS DE CRÉDITO;Analítica;;
4.5.90.64.00.00.00.0000;AQUISIÇÃO DE TÍTULOS REPRESENTATIVOS DE CAPITAL JÁ INTEGRALIZADO;Sintética;;
4.5.90.64.99.00.00.0000;OUTROS DIREITOS;Analítica;;
4.5.90.65.00.00.00.0000;CONSTITUIÇÃO OU AUMENTO DE CAPITAL DE EMPRESAS;Sintética;;
4.5.90.65.01.00.00.0000;EMPRESAS PÚBLICAS;Analítica;;
4.5.90.65.99.00.00.0000;OUTRAS EMPRESAS;Analítica;;
4.5.90.66.00.00.00.0000;CONCESSÃO DE EMPRÉSTIMOS E FINANCIAMENTOS;Sintética;;
4.5.90.66.01.00.00.0000;EMPRÉSTIMOS CONCEDIDOS;Sintética;;
4.5.90.66.01.01.00.0000;CONCESSÃO DE EMPRÉSTIMOS A CONTRIBUINTES (ART.32, §3°, I, LRF);Analítica;;
4.5.90.66.02.00.00.0000;FINANCIAMENTOS CONCEDIDOS;Sintética;;
4.5.90.66.02.01.00.0000;CONCESSÃO DE FINANCIAMENTOS A CONTRIBUINTES (ART.32, §3°, I, LRF);Analítica;;
4.5.90.66.02.02.00.0000;FINANCIAMENTOS PARA PEQUENOS PRODUTORES RURAIS;Analítica;;
4.5.90.66.03.00.00.0000;FINANCIAMENTOS - ESTUDANTE DE ENSINO SUPERIOR;Analítica;;
4.5.90.66.99.00.00.0000;OUTROS EMPRÉSTIMOS E FINANCIAMENTOS;Analítica;;
4.5.90.67.00.00.00.0000;DEPÓSITOS COMPULSÓRIOS;Sintética;;
4.5.90.67.01.00.00.0000;DEPÓSITOS JUDICIAIS;Analítica;;
4.5.90.67.99.00.00.0000;DIVERSOS DEPÓSITOS COMPULSÓRIOS;Analítica;;
4.5.90.84.00.00.00.0000;DESPESAS DECORRENTES DA PARTICIPAÇÃO EM FUNDOS, ORGANISMOS, OU ENTIDADES ASSEMELHADAS, NACIONAIS E INTERNACIONAIS.;Sintética;;
4.5.90.91.00.00.00.0000;SENTENÇAS JUDICIAIS;Sintética;;
4.5.90.91.05.00.00.0000;SENTENÇAS JUDICIAIS TRANSITADAS EM JULGADO;Analítica;;
4.5.90.91.99.00.00.0000;DIVERSAS SENTENÇAS;Analítica;;
4.5.90.92.00.00.00.0000;DESPESAS DE EXERCÍCIOS ANTERIORES;Sintética;;
4.5.90.92.99.00.00.0000;OUTRAS DESPESAS DE EXERCÍCIOS ANTERIORES;Analítica;;
4.5.90.93.00.00.00.0000;INDENIZAÇÕES E RESTITUIÇÕES;Sintética;;
4.5.90.93.01.00.00.0000;INDENIZAÇÕES;Analítica;;
4.5.90.93.02.00.00.0000;RESTITUIÇÕES;Analítica;;
4.5.90.93.99.00.00.0000;DIVERSAS INDENIZAÇÕES E RESTITUIÇÕES;Analítica;;
4.5.91.00.00.00.00.0000;APLICAÇÃO DIRETA DECORRENTE DE OPERAÇÃO ENTRE ÓRGÃOS, FUNDOS E ENTIDADES INTEGRANTES DOS ORÇAMENTOS FISCAL E DA SEGURIDADE SOCIAL ;Sintética;;
4.5.91.47.00.00.00.0000;OBRIGAÇÕES TRIBUTÁRIAS E CONTRIBUTIVAS;Sintética;;
4.5.91.47.99.00.00.0000;OUTRAS OBRIGAÇÕES TRIBUTÁRIAS E CONTRIBUTIVAS;Analítica;;
4.5.91.61.00.00.00.0000;AQUISIÇÕES DE IMÓVEIS;Sintética;;
4.5.91.61.01.00.00.0000;EDIFÍCIOS;Analítica;;
4.5.91.61.03.00.00.0000;TERRENOS;Analítica;;
4.5.91.61.06.00.00.0000;SALAS E ESCRITÓRIOS;Analítica;;
4.5.91.61.99.00.00.0000;OUTROS BENS IMÓVEIS;Analítica;;
4.5.91.62.00.00.00.0000;AQUISIÇÃO DE PRODUTOS PARA REVENDA;Analítica;;
4.5.91.65.00.00.00.0000;CONSTITUIÇÃO OU AUMENTO DE CAPITAL DE EMPRESAS;Analítica;;
4.5.91.66.00.00.00.0000;CONCESSÃO DE EMPRÉSTIMOS E FINANCIAMENTOS;Analítica;;
4.5.91.84.00.00.00.0000;DESPESAS DECORRENTES DA PARTICIPAÇÃO EM FUNDOS, ORGANISMOS, OU ENTIDADES ASSEMELHADAS, NACIONAIS E INTERNACIONAIS.;Analítica;;
4.5.91.91.00.00.00.0000;SENTENÇAS JUDICIAIS;Analítica;;
4.5.91.92.00.00.00.0000;DESPESAS DE EXERCÍCIOS ANTERIORES;Analítica;;
4.5.95.00.00.00.00.0000;APLICAÇÃO DIRETA À CONTA DE RECURSOS DE QUE TRATAM OS §§ 1º E 2º DO ART. 24 DA LEI COMPLEMENTAR Nº 141, DE 2012;Sintética;;
4.5.95.61.00.00.00.0000;AQUISIÇÃO DE IMÓVEIS;Analítica;;
4.5.95.67.00.00.00.0000;DEPÓSITOS COMPULSÓRIOS;Analítica;;
4.5.95.91.00.00.00.0000;SENTENÇAS JUDICIAIS;Analítica;;
4.5.95.92.00.00.00.0000;DESPESAS DE EXERCÍCIOS ANTERIORES;Analítica;;
4.5.95.93.00.00.00.0000;INDENIZAÇÕES E RESTITUIÇÕES;Analítica;;
4.5.96.00.00.00.00.0000;APLICAÇÃO DIRETA À CONTA DE RECURSOS DE QUE TRATA O ART. 25 DA LEI COMPLEMENTAR Nº 141, DE 2012;Sintética;;
4.5.96.61.00.00.00.0000;AQUISIÇÃO DE IMÓVEIS;Analítica;;
4.5.96.67.00.00.00.0000;DEPÓSITOS COMPULSÓRIOS;Analítica;;
4.5.96.91.00.00.00.0000;SENTENÇAS JUDICIAIS;Analítica;;
4.5.96.92.00.00.00.0000;DESPESAS DE EXERCÍCIOS ANTERIORES;Analítica;;
4.5.96.93.00.00.00.0000;INDENIZAÇÕES E RESTITUIÇÕES;Analítica;;
4.6.00.00.00.00.00.0000;AMORTIZAÇÃO DA DÍVIDA;Sintética;;
4.6.71.00.00.00.00.0000;TRANSFERÊNCIAS A CONSÓRCIOS PÚBLICOS MEDIANTE CONTRATO DE RATEIO;Sintética;;
4.6.71.70.00.00.00.0000;RATEIO PELA PARTICIPAÇÃO EM CONSÓRSIO PÚBLICO ;Sintética;;
4.6.71.70.99.00.00.0000;RATEIO PELA PARTICIPAÇÃO EM CONSÓRSIO PÚBLICO ;Analítica;;
4.6.73.00.00.00.00.0000;TRANSFERÊNCIAS A CONSÓRCIOS PÚBLICOS MEDIANTE CONTRATO DE RATEIO À CONTA DE RECURSOS DE QUE TRATAM OS §§ 1º E 2º DO ART. 24 DA LEI COMPLEMENTAR Nº 141, DE 2012.;Sintética;;
4.6.73.70.00.00.00.0000;RATEIO PELA PARTICIPAÇÃO EM CONSÓRCIO PÚBLICO;Sintética;;
4.6.73.70.99.00.00.0000;RATEIO PELA PARTICIPAÇÃO EM CONSÓRCIO PÚBLICO;Analítica;;
4.6.74.00.00.00.00.0000;TRANSFERÊNCIAS A CONSÓRCIOS PÚBLICOS MEDIANTE CONTRATO DE RATEIO À CONTA DE RECURSOS DE QUE TRATA O ART. 25 DA LEI COMPLEMENTAR Nº 141, DE 2012.;Sintética;;
4.6.74.70.00.00.00.0000;RATEIO PELA PARTICIPAÇÃO EM CONSÓRCIO PÚBLICO;Sintética;;
4.6.74.70.99.00.00.0000;RATEIO PELA PARTICIPAÇÃO EM CONSÓRCIO PÚBLICO;Analítica;;
4.6.90.00.00.00.00.0000;APLICAÇÕES DIRETAS;Sintética;;
4.6.90.26.00.00.00.0000;OBRIGAÇÕES DECORRENTES DE POLÍTICA MONETÁRIA;Analítica;;
4.6.90.71.00.00.00.0000;PRINCIPAL DA DÍVIDA POR CONTRATO;Sintética;;
4.6.90.71.01.00.00.0000;AMORTIZAÇÃO DA DÍVIDA CONTRATADA COM INSTITUIÇÕES FINANCEIRAS;Analítica;;
4.6.90.71.02.00.00.0000;VARIACAO CAMBIAL DA DIVIDA CONTRATUAL;Analítica;;
4.6.90.71.03.00.00.0000;ATUALIZACAO MONETARIA DA DIVIDA CONTRATUAL;Analítica;;
4.6.90.71.04.00.00.0000;AMORTIZAÇÃO DA DÍVIDA CONTRATADA COM GOVERNOS;Analítica;;
4.6.90.71.05.00.00.0000;AMORTIZAÇÃO DA DÍVIDA CONTRATADA NO EXTERIOR;Analítica;;
4.6.90.71.99.00.00.0000;OUTRAS AMORTIZAÇÕES DA DÍVIDA CONTRATADA;Analítica;;
4.6.90.72.00.00.00.0000;PRINCIPAL DA DÍVIDA MOBILIÁRIA RESGATADA;Sintética;;
4.6.90.72.01.00.00.0000;DÍVIDA MOBILIÁRIA;Sintética;;
4.6.90.72.01.01.00.0000;AMORTIZAÇÃO DA DÍVIDA MOBILIÁRIA COM INSTITUIÇÕES FINANCEIRAS;Analítica;;
4.6.90.72.01.02.00.0000;AMORTIZAÇÃO DA DÍVIDA MOBILIÁRIA COM GOVERNOS;Analítica;;
4.6.90.72.01.03.00.0000;AMORTIZAÇÃO DA DÍVIDA MOBILIÁRIA NO EXTERIOR;Analítica;;
4.6.90.72.01.99.00.0000;OUTRAS AMORTIZAÇÕES DA DÍVIDA MOBILIÁRIA;Analítica;;
4.6.90.73.00.00.00.0000;CORREÇÃO MONETÁRIA OU CAMBIAL DA DÍVIDA CONTRATUAL RESGATADA;Sintética;;
4.6.90.73.99.00.00.0000;DIVERSAS CORREÇÃO MONETÁRIA E CAMBIAL DA DÍVIDA CONTRATADA;Analítica;;
4.6.90.74.00.00.00.0000;CORREÇÃO MONETÁRIA OU CAMBIAL DA DÍVIDA MOBILIÁRIA RESGATADA;Sintética;;
4.6.90.74.01.00.00.0000;DÍVIDA MOBILIÁRIA;Analítica;;
4.6.90.75.00.00.00.0000;CORREÇÃO MONETÁRIA DA DÍVIDA DE OPERAÇÕES DE CRÉDITO POR ANTECIPAÇÃO DA RECEITA;Sintética;;
4.6.90.75.99.00.00.0000;DIVERSAS CORREÇÕES MONETÁRIAS DE OPERAÇÕES DE CRÉDITO POR ANTECIPAÇÃO DA RECEITA;Analítica;;
4.6.90.76.00.00.00.0000;PRINCIPAL CORRIGIDO DA DÍVIDA MOBILIÁRIA REFINANCIADO;Sintética;;
4.6.90.76.01.00.00.0000;DÍVIDA MOBILIÁRIA;Sintética;;
4.6.90.76.01.01.00.0000;AMORTIZAÇÃO DA DÍVIDA MOBILIÁRIA REFINANCIADA COM INSTITUIÇÕES FINANCEIRA;Analítica;;
4.6.90.76.01.02.00.0000;AMORTIZAÇÃO DA DÍVIDA MOBILIÁRIA REFINANCIADA COM GOVERNOS;Analítica;;
4.6.90.76.01.03.00.0000;AMORTIZAÇÃO DA DÍVIDA MOBILIÁRIA REFINANCIADA NO EXTERIOR;Analítica;;
4.6.90.76.02.00.00.0000;CORREÇÃO MONETÁRIA E CAMBIAL DA DÍVIDA MOBILIÁRIA;Analítica;;
4.6.90.76.99.00.00.0000;OUTROS REFINANCIAMENTOS DA DIVIDA MOBILIARIA;Analítica;;
4.6.90.77.00.00.00.0000;PRINCIPAL CORRIGIDO DÍVIDA CONTRATUAL REFINANCIADO;Sintética;;
4.6.90.77.01.00.00.0000;AMORTIZAÇÃO DA DÍVIDA CONTRATUAL REFINANCIADA COM INSTITUIÇÕES FINANCEIRA;Analítica;;
4.6.90.77.02.00.00.0000;VARIACAO CAMBIAL DIV.CONTRATUAL REFINANCIADA;Analítica;;
4.6.90.77.03.00.00.0000;ATUALIZ.MONET.DA DIV.CONTRATUAL REFINANCIADA;Analítica;;
4.6.90.77.04.00.00.0000;AMORTIZAÇÃO DA DÍVIDA CONTRATUAL REFINANCIADA COM GOVERNOS;Analítica;;
4.6.90.77.05.00.00.0000;AMORTIZAÇÃO DA DÍVIDA CONTRATUAL REFINANCIADA NO EXTERIOR;Analítica;;
4.6.90.77.99.00.00.0000;OUTROS VALORES DIVIDA CONTRATUAL REFINANCIADA;Analítica;;
4.6.90.91.00.00.00.0000;SENTENÇAS JUDICIAIS;Sintética;;
4.6.90.91.02.00.00.0000;SENTENÇAS JUDICIAIS DE PRECATÓRIOS INTEGRADOS À DÍVIDA CONSOLIDADA;Analítica;;
4.6.90.91.99.00.00.0000;DIVERSAS SENTENÇAS JUDICIAIS;Analítica;;
4.6.90.92.00.00.00.0000;DESPESAS DE EXERCÍCIOS ANTERIORES;Sintética;;
4.6.90.92.99.00.00.0000;OUTRAS DESPESAS DE EXERCÍCIOS ANTERIORES;Analítica;;
4.6.90.93.00.00.00.0000;INDENIZAÇÕES E RESTITUIÇÕES;Sintética;;
4.6.90.93.01.00.00.0000;INDENIZAÇÕES;Analítica;;
4.6.90.93.02.00.00.0000;RESTITUIÇÕES;Analítica;;
4.6.90.93.99.00.00.0000;DIVERSAS INDENIZAÇÕES E RESTITUIÇÕES;Analítica;;
4.6.91.00.00.00.00.0000;APLICAÇÃO DIRETA DECORRENTE DE OPERAÇÃO ENTRE ÓRGÃOS, FUNDOS E ENTIDADES INTEGRANTES DOS ORÇAEMTNOS FISCAL E DA SEGURIDADE SOCIAL;Sintética;;
4.6.95.00.00.00.00.0000;APLICAÇÃO DIRETA À CONTA DE RECURSOS DE QUE TRATAM OS §§ 1º E 2º DO ART. 24 DA LEI COMPLEMENTAR Nº 141, DE 2012;Sintética;;
4.6.95.71.00.00.00.0000;PRINCIPAL DA DÍVIDA CONTRATUAL RESGATADO;Sintética;;
4.6.95.73.00.00.00.0000;CORREÇÃO MONETÁRIA OU CAMBIAL DA DÍVIDA CONTRATUAL RESGATADA;Sintética;;
4.6.95.77.00.00.00.0000;PRINCIPAL CORRIGIDO DA DÍVIDA CONTRATUAL REFINANCIADO;Sintética;;
4.6.95.91.00.00.00.0000;SENTENÇAS JUDICIAIS;Sintética;;
4.6.95.92.00.00.00.0000;DESPESAS DE EXERCÍCIOS ANTERIORES;Sintética;;
4.6.95.93.00.00.00.0000;INDENIZAÇÕES E RESTITUIÇÕES;Sintética;;
4.6.96.00.00.00.00.0000;APLICAÇÃO DIRETA À CONTA DE RECURSOS DE QUE TRATA O ART. 25 DA LEI COMPLEMENTAR Nº 141, DE 2012;Sintética;;
4.6.96.71.00.00.00.0000;PRINCIPAL DA DÍVIDA CONTRATUAL RESGATADO;Analítica;;
4.6.96.73.00.00.00.0000;CORREÇÃO MONETÁRIA OU CAMBIAL DA DÍVIDA CONTRATUAL RESGATADA;Analítica;;
4.6.96.77.00.00.00.0000;PRINCIPAL CORRIGIDO DA DÍVIDA CONTRATUAL REFINANCIADO;Analítica;;
4.6.96.91.00.00.00.0000;SENTENÇAS JUDICIAIS;Analítica;;
4.6.96.92.00.00.00.0000;DESPESAS DE EXERCÍCIOS ANTERIORES;Analítica;;
4.6.96.93.00.00.00.0000;INDENIZAÇÕES E RESTITUIÇÕES;Analítica;;
9.0.00.00.00.00.00.0000;RESERVA DE CONTINGÊNCIA;Sintética;;
9.9.00.00.00.00.00.0000;RESERVA DE CONTINGÊNCIA;Sintética;;
9.9.90.00.00.00.00.0000;RESERVA DE CONTINGÊNCIA;Sintética;;
9.9.99.00.00.00.00.0000;RESERVA DE CONTINGÊNCIA;Sintética;;
9.9.99.99.00.00.00.0000;RESERVA DE CONTINGÊNCIA;Sintética;;
9.9.99.99.99.00.00.0000;RESERVA DE CONTINGÊNCIA;Analítica;;
PORTARIA CONJUNTA STN/SOF No 163,  DE  4 DE  MAIO  DE  2001 (ATUALIZADA)(*);;;;
Última atualização do texto da portaria: 30.10.2017;;;;
Última atualização do anexo III: 08.01.2018;;;;
Última atualização desse arquivo: 30.01.2018;;;;
Última atualização desse arquivo: 25.09.2019;;;;
"Última atualização desse arquivo: 26.10.2020, conforme Portaria Conjunta STN/SOF no 1, de 21 de fevereiro de 2020 - D.O.U. de 26.02.2020  e  Nota Técnica n°193/2020/ME;";;;;
Última atualização desse arquivo: 16.03.2021, conforme Portaria 169/2021 TCE-TO;;;;
Última atualização desse arquivo: 09.04.2021, conforme Portaria 208/2021 TCE-TO ;;;;
Última atualização desse arquivo: 11.11.2021, conforme Portaria 507/2021 TCE-TO ;;;;
